RTOM,SOD NO,Service,Order Type,Time Range 
R-NG,KN202002170000027,AB-CAB,CREATE,T>1M
R-NG,SL202003030054703,AB-CAB,CREATE,T>1M
R-NG,NG202003060024986,AB-CAB,CREATE,T>1M
R-NG,DJ202003140075429,AB-CAB,CREATE,T>1M
R-NG,KAA202005200024681,AB-CAB,CREATE,T>1M
R-NG,KAA202006010041207,AB-CAB,CREATE,T>1M
R-NG,DJ202006250014645,AB-CAB,CREATE,T>1M
R-NG,KAA202006260054670,AB-CAB,CREATE,T>1M
R-NG,DH202007130092660,AB-CAB,CREATE,T>1M
R-NG,KK202007310024975,AB-CAB,CREATE,T>1M
R-NG,KN202008210000898,AB-CAB,CREATE,T>1M
R-NG,SL202008310098661,AB-CAB,CREATE,T>1M
R-NG,DJ202009080037642,AB-CAB,CREATE,T>1M
R-NG,KN202009100083644,AB-CAB,CREATE,T>1M
R-NG,MNG202009100093506,AB-CAB,CREATE,T>1M
R-NG,MNG202010020010700,AB-CAB,CREATE,T>1M
R-NG,NG202010080052840,AB-CAB,CREATE,7D<T<=1M
R-NG,KK202010130044044,AB-CAB,CREATE,7D<T<=1M
R-NG,NG202010290022139,AB-CAB,CREATE,3D<T<=7D
R-NG,BDL202009290057932,AB-CAB,CREATE-OR,T>1M
R-NG,NG201910010032494,AB-CAB,CREATE-RECON,T>1M
R-NG,SL202010060077251,AB-CAB,CREATE-RECON,7D<T<=1M
R-NG,BDL202010140079170,AB-CAB,CREATE-RECON,7D<T<=1M
R-NG,MNG201907020005670,AB-CAB,MODIFY-LOCATION,T>1M
R-NG,KN201909190077685,AB-CAB,MODIFY-LOCATION,T>1M
R-NG,KK201910020069894,AB-CAB,MODIFY-LOCATION,T>1M
R-NG,KN202002260037616,AB-CAB,CREATE,T>1M
R-NG,KN202002260037753,AB-CAB,CREATE,T>1M
R-NG,RL202005150064500,AB-CAB,CREATE,T>1M
R-NG,NG202006190072847,AB-CAB,CREATE,T>1M
R-NG,MNG202006240091145,AB-CAB,CREATE,T>1M
R-NG,MNG202006250017647,AB-CAB,CREATE,T>1M
R-NG,SL202007060091523,AB-CAB,CREATE,T>1M
R-NG,DH202007140020622,AB-CAB,CREATE,T>1M
R-NG,DJ202008100046439,AB-CAB,CREATE,T>1M
R-NG,KAA202008190011403,AB-CAB,CREATE,T>1M
R-NG,SL202008310002472,AB-CAB,CREATE,T>1M
R-NG,KAA202009020021316,AB-CAB,CREATE,T>1M
R-NG,MNG202009050062393,AB-CAB,CREATE,T>1M
R-NG,KN202009150095399,AB-CAB,CREATE,T>1M
R-NG,SL202009220077944,AB-CAB,CREATE,T>1M
R-NG,KN202009220077953,AB-CAB,CREATE,T>1M
R-NG,KN202009280038463,AB-CAB,CREATE,T>1M
R-NG,RL202009290065468,AB-CAB,CREATE,T>1M
R-NG,NG202010140079471,AB-CAB,CREATE,7D<T<=1M
R-NG,KN202010130042867,AB-CAB,CREATE-OR,7D<T<=1M
R-NG,BDL202009210048033,AB-CAB,CREATE-RECON,T>1M
R-NG,MNG201810100092803,AB-CAB,MODIFY-LOCATION,T>1M
R-NG,RL201812030005236,AB-CAB,MODIFY-LOCATION,T>1M
R-NG,DJ201910250024592,AB-CAB,MODIFY-LOCATION,T>1M
R-NG,KN202001240066015,AB-CAB,MODIFY-LOCATION,T>1M
R-NG,KAA202006150010809,AB-CAB,MODIFY-LOCATION,T>1M
R-NG,KK202007220054176,AB-CAB,MODIFY-LOCATION,T>1M
R-NG,MNG202009160019332,AB-CAB,MODIFY-LOCATION,T>1M
R-NG,MNG202009160029843,AB-CAB,MODIFY-LOCATION,T>1M
R-NG,NG202009250095209,AB-CAB,MODIFY-LOCATION,T>1M
R-NG,DJ201906270079802,AB-CAB,CREATE,T>1M
R-NG,KK201911160044034,AB-CAB,CREATE,T>1M
R-NG,DH202001010088481,AB-CAB,CREATE,T>1M
R-NG,DH202001160063187,AB-CAB,CREATE,T>1M
R-NG,KN202001310056239,AB-CAB,CREATE,T>1M
R-NG,DJ202003060019280,AB-CAB,CREATE,T>1M
R-NG,SL202007020038430,AB-CAB,CREATE,T>1M
R-NG,KN202007070034923,AB-CAB,CREATE,T>1M
R-NG,NG202007070036516,AB-CAB,CREATE,T>1M
R-NG,KK202007250048669,AB-CAB,CREATE,T>1M
R-NG,DJ202007310010379,AB-CAB,CREATE,T>1M
R-NG,SL202008270037506,AB-CAB,CREATE,T>1M
R-NG,KN202009020025723,AB-CAB,CREATE,T>1M
R-NG,DJ202009180097077,AB-CAB,CREATE,T>1M
R-NG,KN202009220091416,AB-CAB,CREATE,T>1M
R-NG,MNG202009250011811,AB-CAB,CREATE,T>1M
R-NG,MNG202009250011847,AB-CAB,CREATE,T>1M
R-NG,RL202010060075495,AB-CAB,CREATE,7D<T<=1M
R-NG,KN202010060089675,AB-CAB,CREATE,7D<T<=1M
R-NG,DJ202010140065629,AB-CAB,CREATE,7D<T<=1M
R-NG,MNG202006220018292,AB-CAB,CREATE-OR,T>1M
R-NG,DJ201910070058655,AB-CAB,CREATE-RECON,T>1M
R-NG,NG201809140011812,AB-CAB,MODIFY-LOCATION,T>1M
R-NG,KAA201809150044289,AB-CAB,MODIFY-LOCATION,T>1M
R-NG,NG201809270081079,AB-CAB,MODIFY-LOCATION,T>1M
R-NG,DH201909090099176,AB-CAB,MODIFY-LOCATION,T>1M
R-NG,NG201909260097500,AB-CAB,MODIFY-LOCATION,T>1M
R-NG,DJ202009220092430,AB-CAB,MODIFY-LOCATION,T>1M
R-NG,NG202009290057946,AB-CAB,MODIFY-LOCATION,T>1M
R-NG,NG202010200052653,AB-CAB,MODIFY-LOCATION,7D<T<=1M
R-NG,NG201812280089184,AB-CAB,CREATE,T>1M
R-NG,KAA201906260062322,AB-CAB,CREATE,T>1M
R-NG,KN201909210005769,AB-CAB,CREATE,T>1M
R-NG,NG202001250097826,AB-CAB,CREATE,T>1M
R-NG,KAA202002260041853,AB-CAB,CREATE,T>1M
R-NG,KK202008130050645,AB-CAB,CREATE,T>1M
R-NG,MNG202008280056440,AB-CAB,CREATE,T>1M
R-NG,DH202009090073294,AB-CAB,CREATE,T>1M
R-NG,KN202009150092679,AB-CAB,CREATE,T>1M
R-NG,DJ202009210040685,AB-CAB,CREATE,T>1M
R-NG,KAA202009240059803,AB-CAB,CREATE,T>1M
R-NG,MNG202009280038173,AB-CAB,CREATE,T>1M
R-NG,RL202010050042688,AB-CAB,CREATE,7D<T<=1M
R-NG,BDL202010050058941,AB-CAB,CREATE,7D<T<=1M
R-NG,RL202010060075697,AB-CAB,CREATE,7D<T<=1M
R-NG,RL202010060077112,AB-CAB,CREATE,7D<T<=1M
R-NG,NG202010120017867,AB-CAB,CREATE,7D<T<=1M
R-NG,RL202010160048638,AB-CAB,CREATE,7D<T<=1M
R-NG,KK202010280097562,AB-CAB,CREATE,3D<T<=7D
R-NG,DH202010020010740,AB-CAB,CREATE-OR,T>1M
R-NG,SL201909030073515,AB-CAB,CREATE-RECON,T>1M
R-NG,KAA202009020025741,AB-CAB,CREATE-RECON,T>1M
R-NG,DH202009210048752,AB-CAB,CREATE-RECON,T>1M
R-NG,SL202010200047930,AB-CAB,CREATE-RECON,7D<T<=1M
R-NG,RL202010280097440,AB-CAB,CREATE-RECON,3D<T<=7D
R-NG,RL202010280097498,AB-CAB,CREATE-RECON,3D<T<=7D
R-NG,NG201809220093978,AB-CAB,MODIFY-LOCATION,T>1M
R-NG,DJ201905130006170,AB-CAB,MODIFY-LOCATION,T>1M
R-NG,DJ201907050056961,AB-CAB,MODIFY-LOCATION,T>1M
R-NG,NG202001080098953,AB-CAB,MODIFY-LOCATION,T>1M
R-NG,MNG202009160016792,AB-CAB,MODIFY-LOCATION,T>1M
R-NG,NG202009300073963,AB-CAB,MODIFY-LOCATION,T>1M
R-NG,DH202011020059478,AB-CAB,MODIFY-LOCATION,T<=3D
R-NG,NG201812210079022,AB-CAB,CREATE,T>1M
R-NG,NG201908060048414,AB-CAB,CREATE,T>1M
R-NG,NG201908090050402,AB-CAB,CREATE,T>1M
R-NG,NG201909100039987,AB-CAB,CREATE,T>1M
R-NG,KN202002260037689,AB-CAB,CREATE,T>1M
R-NG,KN202002260037705,AB-CAB,CREATE,T>1M
R-NG,MNG202003020036763,AB-CAB,CREATE,T>1M
R-NG,DH202005060098634,AB-CAB,CREATE,T>1M
R-NG,KAA202005120059868,AB-CAB,CREATE,T>1M
R-NG,RL202006110024186,AB-CAB,CREATE,T>1M
R-NG,DJ202006270076608,AB-CAB,CREATE,T>1M
R-NG,NG202007030066110,AB-CAB,CREATE,T>1M
R-NG,BDL202007280026902,AB-CAB,CREATE,T>1M
R-NG,RL202009160030634,AB-CAB,CREATE,T>1M
R-NG,MNG202009280047714,AB-CAB,CREATE,T>1M
R-NG,DJ202009290065431,AB-CAB,CREATE,T>1M
R-NG,NG202009290065512,AB-CAB,CREATE,T>1M
R-NG,DH202009290067841,AB-CAB,CREATE,T>1M
R-NG,RL202010060077476,AB-CAB,CREATE,7D<T<=1M
R-NG,NG202010140079290,AB-CAB,CREATE,7D<T<=1M
R-NG,DH202010150004472,AB-CAB,CREATE,7D<T<=1M
R-NG,KAA202010310040248,AB-CAB,CREATE,3D<T<=7D
R-NG,KAA202007310016749,AB-CAB,CREATE-RECON,T>1M
R-NG,DJ202009230027204,AB-CAB,CREATE-RECON,T>1M
R-NG,KAA201808260057370,AB-CAB,MODIFY-LOCATION,T>1M
R-NG,MNG201809140014155,AB-CAB,MODIFY-LOCATION,T>1M
R-NG,KAA201809150046404,AB-CAB,MODIFY-LOCATION,T>1M
R-NG,NG201905060051136,AB-CAB,MODIFY-LOCATION,T>1M
R-NG,NG201906280010034,AB-CAB,MODIFY-LOCATION,T>1M
R-NG,NG202009070003580,AB-CAB,MODIFY-LOCATION,T>1M
R-NG,MNG202009140068346,AB-CAB,MODIFY-LOCATION,T>1M
R-NG,NG202009230028425,AB-CAB,MODIFY-LOCATION,T>1M
R-NG,NG202010120017547,AB-CAB,MODIFY-LOCATION,7D<T<=1M
R-NG,SL202010160048637,AB-CAB,MODIFY-LOCATION,7D<T<=1M
R-NG,KN201906190058275,AB-CAB,CREATE,T>1M
R-NG,KAA201906270091282,AB-CAB,CREATE,T>1M
R-NG,MNG201909250084324,AB-CAB,CREATE,T>1M
R-NG,NG202001010088137,AB-CAB,CREATE,T>1M
R-NG,MNG202002270060154,AB-CAB,CREATE,T>1M
R-NG,MNG202005060095648,AB-CAB,CREATE,T>1M
R-NG,SL202006250014596,AB-CAB,CREATE,T>1M
R-NG,NG202006270069596,AB-CAB,CREATE,T>1M
R-NG,MNG202006300043183,AB-CAB,CREATE,T>1M
R-NG,SL202007170026864,AB-CAB,CREATE,T>1M
R-NG,MNG202007200011211,AB-CAB,CREATE,T>1M
R-NG,MNG202007230093846,AB-CAB,CREATE,T>1M
R-NG,MNG202007300086699,AB-CAB,CREATE,T>1M
R-NG,KAA202008060083783,AB-CAB,CREATE,T>1M
R-NG,DJ202008200056348,AB-CAB,CREATE,T>1M
R-NG,NG202008310090514,AB-CAB,CREATE,T>1M
R-NG,NG202008310090705,AB-CAB,CREATE,T>1M
R-NG,NG202009230027193,AB-CAB,CREATE,T>1M
R-NG,MNG202009290065518,AB-CAB,CREATE,T>1M
R-NG,DJ202009300087985,AB-CAB,CREATE,T>1M
R-NG,SL202010020005428,AB-CAB,CREATE,T>1M
R-NG,MNG202010020010920,AB-CAB,CREATE,T>1M
R-NG,KAA202010050052654,AB-CAB,CREATE,7D<T<=1M
R-NG,RL202010060076947,AB-CAB,CREATE,7D<T<=1M
R-NG,RL202010060077263,AB-CAB,CREATE,7D<T<=1M
R-NG,NG202010060083443,AB-CAB,CREATE,7D<T<=1M
R-NG,NG202010190011613,AB-CAB,CREATE,7D<T<=1M
R-NG,MNG202011010048558,AB-CAB,CREATE,T<=3D
R-NG,KN202006240091231,AB-CAB,CREATE-OR,T>1M
R-NG,DH202010020010617,AB-CAB,CREATE-OR,T>1M
R-NG,MNG202010060089691,AB-CAB,CREATE-OR,7D<T<=1M
R-NG,MNG202009290069312,AB-CAB,CREATE-RECON,T>1M
R-NG,NG201812210090694,AB-CAB,MODIFY-LOCATION,T>1M
R-NG,DJ201903210005859,AB-CAB,MODIFY-LOCATION,T>1M
R-NG,NG201911290063119,AB-CAB,MODIFY-LOCATION,T>1M
R-NG,NG201912200043345,AB-CAB,MODIFY-LOCATION,T>1M
R-NG,NG202006290000868,AB-CAB,MODIFY-LOCATION,T>1M
R-NG,KK202010160029484,AB-CAB,MODIFY-LOCATION,7D<T<=1M
R-NG,NG201812180000925,AB-CAB,CREATE,T>1M
R-NG,NG201903270058198,AB-CAB,CREATE,T>1M
R-NG,NG201909100039991,AB-CAB,CREATE,T>1M
R-NG,KN202002260037659,AB-CAB,CREATE,T>1M
R-NG,KN202002260037662,AB-CAB,CREATE,T>1M
R-NG,KK202003220047446,AB-CAB,CREATE,T>1M
R-NG,SL202005120059753,AB-CAB,CREATE,T>1M
R-NG,KN202006220031119,AB-CAB,CREATE,T>1M
R-NG,NG202007130093847,AB-CAB,CREATE,T>1M
R-NG,SL202007310024946,AB-CAB,CREATE,T>1M
R-NG,KN202008060083758,AB-CAB,CREATE,T>1M
R-NG,DJ202008200053325,AB-CAB,CREATE,T>1M
R-NG,DJ202009230037008,AB-CAB,CREATE,T>1M
R-NG,KN202009290065383,AB-CAB,CREATE,T>1M
R-NG,KAA202010030023276,AB-CAB,CREATE,T>1M
R-NG,KAA202010060089678,AB-CAB,CREATE,7D<T<=1M
R-NG,KN202010120026430,AB-CAB,CREATE,7D<T<=1M
R-NG,NG202010140070300,AB-CAB,CREATE,7D<T<=1M
R-NG,SL202010160040354,AB-CAB,CREATE,7D<T<=1M
R-NG,KN202010290014307,AB-CAB,CREATE,3D<T<=7D
R-NG,KAA202011030073238,AB-CAB,CREATE,T<=3D
R-NG,NG202002060047734,AB-CAB,CREATE-OR,T>1M
R-NG,DJ202006180019738,AB-CAB,CREATE-OR,T>1M
R-NG,KN202007010073586,AB-CAB,CREATE-OR,T>1M
R-NG,KAA202007070037212,AB-CAB,CREATE-RECON,T>1M
R-NG,KN202010050058852,AB-CAB,CREATE-RECON,7D<T<=1M
R-NG,KN202010070019980,AB-CAB,CREATE-RECON,7D<T<=1M
R-NG,MNG201809100033873,AB-CAB,MODIFY-LOCATION,T>1M
R-NG,NG201809270071770,AB-CAB,MODIFY-LOCATION,T>1M
R-NG,MNG201810020008075,AB-CAB,MODIFY-LOCATION,T>1M
R-NG,NG201906270091220,AB-CAB,MODIFY-LOCATION,T>1M
R-NG,SL202007290060239,AB-CAB,MODIFY-LOCATION,T>1M
R-NG,NG202008200056914,AB-CAB,MODIFY-LOCATION,T>1M
R-NG,KK202009080025390,AB-CAB,MODIFY-LOCATION,T>1M
R-NG,MNG202009160030007,AB-CAB,MODIFY-LOCATION,T>1M
R-NG,MNG202009300072413,AB-CAB,MODIFY-LOCATION,T>1M
R-NG,KAA202002180038875,AB-CAB,CREATE,T>1M
R-NG,KN202002260037641,AB-CAB,CREATE,T>1M
R-NG,KN202002260037704,AB-CAB,CREATE,T>1M
R-NG,MNG202002280081211,AB-CAB,CREATE,T>1M
R-NG,NG202003100080551,AB-CAB,CREATE,T>1M
R-NG,MNG202005170009623,AB-CAB,CREATE,T>1M
R-NG,DJ202006150018247,AB-CAB,CREATE,T>1M
R-NG,MNG202006300043012,AB-CAB,CREATE,T>1M
R-NG,RL202007090097786,AB-CAB,CREATE,T>1M
R-NG,NG202007100042850,AB-CAB,CREATE,T>1M
R-NG,MNG202007240014898,AB-CAB,CREATE,T>1M
R-NG,KN202007290047188,AB-CAB,CREATE,T>1M
R-NG,KK202008070097749,AB-CAB,CREATE,T>1M
R-NG,KN202008110085894,AB-CAB,CREATE,T>1M
R-NG,RL202008150097162,AB-CAB,CREATE,T>1M
R-NG,DJ202008200053582,AB-CAB,CREATE,T>1M
R-NG,DJ202008250085293,AB-CAB,CREATE,T>1M
R-NG,DJ202008260014726,AB-CAB,CREATE,T>1M
R-NG,DJ202009040053389,AB-CAB,CREATE,T>1M
R-NG,NG202009070094733,AB-CAB,CREATE,T>1M
R-NG,MNG202009080032807,AB-CAB,CREATE,T>1M
R-NG,MNG202009170040507,AB-CAB,CREATE,T>1M
R-NG,DJ202009210053386,AB-CAB,CREATE,T>1M
R-NG,KN202009220085070,AB-CAB,CREATE,T>1M
R-NG,MNG202009280038489,AB-CAB,CREATE,T>1M
R-NG,SL202009300071673,AB-CAB,CREATE,T>1M
R-NG,DJ202009300074873,AB-CAB,CREATE,T>1M
R-NG,DJ202009300074877,AB-CAB,CREATE,T>1M
R-NG,KN202010060089681,AB-CAB,CREATE,7D<T<=1M
R-NG,KK202010270079999,AB-CAB,CREATE,7D<T<=1M
R-NG,DJ202010270083036,AB-CAB,CREATE,7D<T<=1M
R-NG,MNG202011030073237,AB-CAB,CREATE,T<=3D
R-NG,KAA202007210015098,AB-CAB,CREATE-OR,T>1M
R-NG,NG202009230020132,AB-CAB,CREATE-OR,T>1M
R-NG,KN202009230037023,AB-CAB,CREATE-OR,T>1M
R-NG,DH201909040094063,AB-CAB,CREATE-RECON,T>1M
R-NG,RL202007150057626,AB-CAB,CREATE-RECON,T>1M
R-NG,DJ202010290022142,AB-CAB,CREATE-RECON,3D<T<=7D
R-NG,NG201808180066367,AB-CAB,MODIFY-LOCATION,T>1M
R-NG,KK201809250016107,AB-CAB,MODIFY-LOCATION,T>1M
R-NG,NG201906100014295,AB-CAB,MODIFY-LOCATION,T>1M
R-NG,NG201907300041743,AB-CAB,MODIFY-LOCATION,T>1M
R-NG,NG202007150041846,AB-CAB,MODIFY-LOCATION,T>1M
R-NG,NG202008200056400,AB-CAB,MODIFY-LOCATION,T>1M
R-NG,KN202010120008455,AB-CAB,MODIFY-LOCATION,7D<T<=1M
R-NG,NG202010130049540,AB-CAB,MODIFY-LOCATION,7D<T<=1M
R-NG,NG202010150006562,AB-CAB,MODIFY-LOCATION,7D<T<=1M
R-NG,NG202010190009920,AB-FTTH,CREATE-UPGRD SAME NO,10D<T<=1M
R-NG,SL202007090009554,AB-FTTH,CREATE,T>1M
R-NG,KAA201910230059253,AB-FTTH,CREATE,T>1M
R-NG,DH202010190012670,AB-FTTH,CREATE-UPGRD SAME NO,10D<T<=1M
R-NG,NG202001060051324,AB-FTTH,MODIFY-LOCATION,T>1M
R-NG,DH202009140080649,AB-FTTH,CREATE-UPGRD SAME NO,T>1M
R-NG,NG202008250085387,AB-FTTH,CREATE-UPGRD SAME NO,T>1M
R-NG,RL202008310098666,AB-FTTH,CREATE-UPGRD SAME NO,T>1M
R-NG,KN202007110061290,AB-FTTH,CREATE-UPGRD SAME NO,T>1M
R-NG,DH202010060088528,AB-FTTH,CREATE-UPGRD SAME NO,10D<T<=1M
R-NG,NG202009300088010,AB-FTTH,CREATE-UPGRD SAME NO,T>1M
R-NG,KN202009250095230,AB-FTTH,CREATE,T>1M
R-NG,DH202010020010704,AB-FTTH,CREATE,T>1M
R-NG,DH202010150016228,AB-FTTH,CREATE-UPGRD SAME NO,10D<T<=1M
R-NG,RL202010170058960,AB-FTTH,MODIFY-LOCATION,10D<T<=1M
R-NG,DH202010070016233,AB-FTTH,CREATE,10D<T<=1M
R-NG,DH202010070008765,AB-FTTH,CREATE-UPGRD SAME NO,10D<T<=1M
R-NG,DH202010170062551,AB-FTTH,CREATE-UPGRD SAME NO,10D<T<=1M
R-NG,MNG202007280030560,AB-FTTH,CREATE-UPGRD SAME NO,T>1M
R-NG,MNG202008100046521,AB-FTTH,CREATE-UPGRD SAME NO,T>1M
R-NG,MNG202008140082745,AB-FTTH,CREATE,T>1M
R-NG,KK202008140083010,AB-FTTH,CREATE-UPGRD SAME NO,T>1M
R-NG,NG202009290057812,AB-FTTH,CREATE,T>1M
R-NG,KK202010150009245,AB-FTTH,CREATE-UPGRD SAME NO,10D<T<=1M
R-NG,RL202010100097397,AB-FTTH,CREATE-UPGRD SAME NO,10D<T<=1M
R-NG,NG202010090081984,AB-FTTH,CREATE-UPGRD SAME NO,10D<T<=1M
R-NG,NG202009260019154,AB-FTTH,CREATE-UPGRD SAME NO,T>1M
R-NG,KK202010090077000,AB-FTTH,CREATE,10D<T<=1M
R-NG,NG202011030065451,AB-FTTH,CREATE-UPGRD SAME NO,T<=7D
R-NG,RL202010200036225,AB-FTTH,CREATE-UPGRD SAME NO,10D<T<=1M
R-NG,RL202011020060877,AB-FTTH,CREATE-UPGRD SAME NO,T<=7D
R-NG,RL202010280001322,AB-FTTH,CREATE-UPGRD SAME NO,T<=7D
R-NG,DH202010270071579,AB-FTTH,CREATE,7D<T<=10D
R-NG,NG202010290014320,AB-FTTH,CREATE-UPGRD SAME NO,T<=7D
R-NG,NG202010210065713,AB-FTTH,CREATE-UPGRD SAME NO,10D<T<=1M
R-NG,KK202010200036092,AB-FTTH,CREATE,10D<T<=1M
R-NG,NG202010270080646,AB-FTTH,CREATE-UPGRD SAME NO,7D<T<=10D
R-NG,NG202010210063441,AB-FTTH,CREATE-UPGRD SAME NO,10D<T<=1M
R-NG,NG202010200052643,AB-FTTH,CREATE,10D<T<=1M
R-NG,RL202010310040290,AB-FTTH,CREATE,T<=7D
R-NG,MNG202011030070703,AB-FTTH,CREATE-UPGRD SAME NO,T<=7D
R-NG,DH202011030070686,AB-FTTH,CREATE-UPGRD SAME NO,T<=7D
R-NG,MNG202007090002660,AB-FTTH,CREATE-UPGRD SAME NO,T>1M
R-NG,DH202009080026027,AB-FTTH,CREATE-UPGRD SAME NO,T>1M
R-NG,NG202002200090786,AB-FTTH,CREATE-UPGRD SAME NO,T>1M
R-NG,KK202002200093633,AB-FTTH,CREATE-UPGRD SAME NO,T>1M
R-NG,SL202007090008811,AB-FTTH,CREATE-UPGRD SAME NO,T>1M
R-NG,KN202002100036732,AB-FTTH,CREATE,T>1M
R-NG,KN201904030022641,AB-FTTH,CREATE-UPGRD SAME NO,T>1M
R-NG,KN202009110013172,AB-FTTH,CREATE-UPGRD SAME NO,T>1M
R-NG,DH202009220091466,AB-FTTH,CREATE-UPGRD SAME NO,T>1M
R-NG,NG202009230016292,AB-FTTH,CREATE,T>1M
R-NG,NG201907260017789,AB-FTTH,MODIFY-LOCATION,T>1M
R-NG,NG201907250077805,AB-FTTH,MODIFY-LOCATION,T>1M
R-NG,KAA202009070094883,AB-FTTH,CREATE-UPGRD SAME NO,T>1M
R-NG,DH202009030030527,AB-FTTH,CREATE-UPGRD SAME NO,T>1M
R-NG,DH202008310098705,AB-FTTH,CREATE-UPGRD SAME NO,T>1M
R-NG,DH202008270024268,AB-FTTH,CREATE-UPGRD SAME NO,T>1M
R-NG,NG202009050062679,AB-FTTH,CREATE-UPGRD SAME NO,T>1M
R-NG,DJ202008250088563,AB-FTTH,CREATE-UPGRD SAME NO,T>1M
R-NG,KK202009050062430,AB-FTTH,CREATE-UPGRD SAME NO,T>1M
R-NG,NG202007070036439,AB-FTTH,CREATE-UPGRD SAME NO,T>1M
R-NG,DH202009170044329,AB-FTTH,CREATE,T>1M
R-NG,NG202007180061496,AB-FTTH,CREATE-UPGRD SAME NO,T>1M
R-NG,RL202007110063577,AB-FTTH,CREATE-UPGRD SAME NO,T>1M
R-NG,RL202007170025501,AB-FTTH,CREATE-UPGRD SAME NO,T>1M
R-NG,KN202007170037025,AB-FTTH,CREATE-UPGRD SAME NO,T>1M
R-NG,DH202010090082059,AB-FTTH,CREATE-UPGRD SAME NO,10D<T<=1M
R-NG,RL202010080048241,AB-FTTH,CREATE-UPGRD SAME NO,10D<T<=1M
R-NG,DH202010130049353,AB-FTTH,CREATE-UPGRD SAME NO,10D<T<=1M
R-NG,RL202010120008475,AB-FTTH,CREATE-UPGRD SAME NO,10D<T<=1M
R-NG,RL202010100093463,AB-FTTH,CREATE-UPGRD SAME NO,10D<T<=1M
R-NG,DH202010170066354,AB-FTTH,CREATE-UPGRD SAME NO,10D<T<=1M
R-NG,KN202009280034849,AB-FTTH,CREATE-UPGRD SAME NO,T>1M
R-NG,NG202007230088270,AB-FTTH,CREATE-UPGRD SAME NO,T>1M
R-NG,NG202007280013334,AB-FTTH,CREATE-UPGRD SAME NO,T>1M
R-NG,KK202007270094288,AB-FTTH,CREATE-UPGRD SAME NO,T>1M
R-NG,NG202007270093585,AB-FTTH,CREATE-UPGRD SAME NO,T>1M
R-NG,KN202007230093796,AB-FTTH,CREATE-UPGRD SAME NO,T>1M
R-NG,NG202008080015159,AB-FTTH,CREATE-UPGRD SAME NO,T>1M
R-NG,RL202007310014203,AB-FTTH,CREATE-UPGRD SAME NO,T>1M
R-NG,DH202008230038893,AB-FTTH,CREATE-UPGRD SAME NO,T>1M
R-NG,NG202008200058864,AB-FTTH,CREATE-UPGRD SAME NO,T>1M
R-NG,DH202010170066365,AB-FTTH,CREATE-UPGRD SAME NO,10D<T<=1M
R-NG,KAA202010120026439,AB-FTTH,CREATE-UPGRD SAME NO,10D<T<=1M
R-NG,DH202010120026440,AB-FTTH,CREATE-UPGRD SAME NO,10D<T<=1M
R-NG,RL202010120026524,AB-FTTH,CREATE-OR,10D<T<=1M
R-NG,NG202010020006620,AB-FTTH,CREATE-UPGRD SAME NO,T>1M
R-NG,RL202010120026413,AB-FTTH,CREATE-UPGRD SAME NO,10D<T<=1M
R-NG,NG202010140075308,AB-FTTH,CREATE-UPGRD SAME NO,10D<T<=1M
R-NG,RL202010280097448,AB-FTTH,CREATE-UPGRD SAME NO,T<=7D
R-NG,MNG202010210066801,AB-FTTH,CREATE-UPGRD SAME NO,10D<T<=1M
R-NG,MNG202010290022158,AB-FTTH,CREATE-UPGRD SAME NO,T<=7D
R-NG,MNG202010310040271,AB-FTTH,CREATE-UPGRD SAME NO,T<=7D
R-NG,DJ202010280001245,AB-FTTH,CREATE-UPGRD SAME NO,T<=7D
R-NG,RL202010280001365,AB-FTTH,CREATE-UPGRD SAME NO,T<=7D
R-NG,DH202010250051672,AB-FTTH,CREATE-UPGRD SAME NO,7D<T<=10D
R-NG,KK202007210023087,AB-FTTH,CREATE-UPGRD SAME NO,T>1M
R-NG,KAA201910230059273,AB-FTTH,CREATE,T>1M
R-NG,KAA201910230059266,AB-FTTH,CREATE,T>1M
R-NG,MNG202002140052774,AB-FTTH,CREATE-UPGRD SAME NO,T>1M
R-NG,RL202002120080546,AB-FTTH,CREATE-UPGRD SAME NO,T>1M
R-NG,DH202009100083413,AB-FTTH,CREATE-UPGRD SAME NO,T>1M
R-NG,DJ202008260014480,AB-FTTH,CREATE-UPGRD SAME NO,T>1M
R-NG,NG202008310002476,AB-FTTH,CREATE-UPGRD SAME NO,T>1M
R-NG,DH202008280057803,AB-FTTH,CREATE-UPGRD SAME NO,T>1M
R-NG,DH202009070089002,AB-FTTH,CREATE-UPGRD SAME NO,T>1M
R-NG,NG202009070089140,AB-FTTH,CREATE-UPGRD SAME NO,T>1M
R-NG,KN202008250087340,AB-FTTH,CREATE-UPGRD SAME NO,T>1M
R-NG,RL202009050062446,AB-FTTH,CREATE-UPGRD SAME NO,T>1M
R-NG,NG202006300053589,AB-FTTH,CREATE-UPGRD SAME NO,T>1M
R-NG,NG202007140021598,AB-FTTH,CREATE-UPGRD SAME NO,T>1M
R-NG,NG202010120012440,AB-FTTH,CREATE-UPGRD SAME NO,10D<T<=1M
R-NG,DJ202010020006585,AB-FTTH,CREATE-UPGRD SAME NO,T>1M
R-NG,DH202009260019160,AB-FTTH,CREATE-UPGRD SAME NO,T>1M
R-NG,MNG202010060081719,AB-FTTH,CREATE,10D<T<=1M
R-NG,RL202010090078711,AB-FTTH,CREATE-UPGRD SAME NO,10D<T<=1M
R-NG,DH202010130051701,AB-FTTH,CREATE-UPGRD SAME NO,10D<T<=1M
R-NG,RL202009280047053,AB-FTTH,CREATE-UPGRD SAME NO,T>1M
R-NG,MNG202010130035875,AB-FTTH,CREATE,10D<T<=1M
R-NG,NG202007230073041,AB-FTTH,CREATE-UPGRD SAME NO,T>1M
R-NG,KK202008020040988,AB-FTTH,CREATE-UPGRD SAME NO,T>1M
R-NG,NG202008130053053,AB-FTTH,CREATE-UPGRD SAME NO,T>1M
R-NG,DH202008210000922,AB-FTTH,CREATE-UPGRD SAME NO,T>1M
R-NG,RL202008180055112,AB-FTTH,CREATE-UPGRD SAME NO,T>1M
R-NG,KN202010140065609,AB-FTTH,CREATE-UPGRD SAME NO,10D<T<=1M
R-NG,NG202010130035714,AB-FTTH,CREATE-UPGRD SAME NO,10D<T<=1M
R-NG,BDL202010060082937,AB-FTTH,CREATE-UPGRD SAME NO,10D<T<=1M
R-NG,DH202010120012466,AB-FTTH,CREATE-UPGRD SAME NO,10D<T<=1M
R-NG,RL202010070011205,AB-FTTH,CREATE-UPGRD SAME NO,10D<T<=1M
R-NG,RL202010050045752,AB-FTTH,CREATE,10D<T<=1M
R-NG,RL202010080043457,AB-FTTH,CREATE-UPGRD SAME NO,10D<T<=1M
R-NG,RL202010080041678,AB-FTTH,CREATE-UPGRD SAME NO,10D<T<=1M
R-NG,MNG202009300083691,AB-FTTH,CREATE-UPGRD SAME NO,T>1M
R-NG,DH202011030070720,AB-FTTH,CREATE-UPGRD SAME NO,T<=7D
R-NG,DH202010280097615,AB-FTTH,CREATE,T<=7D
R-NG,NG202010280097386,AB-FTTH,CREATE,T<=7D
R-NG,DH202011030070590,AB-FTTH,CREATE-UPGRD SAME NO,T<=7D
R-NG,NG202010210076350,AB-FTTH,CREATE-UPGRD SAME NO,10D<T<=1M
R-NG,NG201911060014798,AB-FTTH,MODIFY-LOCATION,T>1M
R-NG,KK201910230059271,AB-FTTH,CREATE,T>1M
R-NG,MNG202002030096486,AB-FTTH,CREATE-UPGRD SAME NO,T>1M
R-NG,RL202007090005805,AB-FTTH,CREATE-UPGRD SAME NO,T>1M
R-NG,SL202007090008849,AB-FTTH,CREATE,T>1M
R-NG,NG202002100023643,AB-FTTH,CREATE-UPGRD SAME NO,T>1M
R-NG,KAA202009140065333,AB-FTTH,CREATE-UPGRD SAME NO,T>1M
R-NG,KK202009100083733,AB-FTTH,CREATE-UPGRD SAME NO,T>1M
R-NG,DH202009110021454,AB-FTTH,CREATE-UPGRD SAME NO,T>1M
R-NG,SL202007090013712,AB-FTTH,CREATE,T>1M
R-NG,KK202009090073103,AB-FTTH,CREATE-UPGRD SAME NO,T>1M
R-NG,NG202009030039096,AB-FTTH,CREATE-UPGRD SAME NO,T>1M
R-NG,DH202008260014546,AB-FTTH,CREATE,T>1M
R-NG,KK202007080061474,AB-FTTH,CREATE-UPGRD SAME NO,T>1M
R-NG,KN202007030059536,AB-FTTH,CREATE-UPGRD SAME NO,T>1M
R-NG,DH202009170050542,AB-FTTH,CREATE-UPGRD SAME NO,T>1M
R-NG,BDL202007200010941,AB-FTTH,CREATE-UPGRD SAME NO,T>1M
R-NG,RL202007170028812,AB-FTTH,CREATE-UPGRD SAME NO,T>1M
R-NG,SL202007110063601,AB-FTTH,CREATE,T>1M
R-NG,NG202007150042212,AB-FTTH,CREATE-UPGRD SAME NO,T>1M
R-NG,SL202007180061120,AB-FTTH,CREATE-UPGRD SAME NO,T>1M
R-NG,NG202007110056559,AB-FTTH,CREATE-UPGRD SAME NO,T>1M
R-NG,KK202009240067702,AB-FTTH,CREATE-UPGRD SAME NO,T>1M
R-NG,RL202010100093464,AB-FTTH,CREATE-UPGRD SAME NO,10D<T<=1M
R-NG,KN202010060087306,AB-FTTH,CREATE-UPGRD SAME NO,10D<T<=1M
R-NG,DH202009240067732,AB-FTTH,CREATE-UPGRD SAME NO,T>1M
R-NG,DH202010170066372,AB-FTTH,CREATE-UPGRD SAME NO,10D<T<=1M
R-NG,MNG202007250048745,AB-FTTH,CREATE-UPGRD SAME NO,T>1M
R-NG,KK202007280022922,AB-FTTH,CREATE-UPGRD SAME NO,T>1M
R-NG,DJ202007220059967,AB-FTTH,CREATE-UPGRD SAME NO,T>1M
R-NG,MNG202007240031109,AB-FTTH,CREATE-UPGRD SAME NO,T>1M
R-NG,MNG202007230084236,AB-FTTH,CREATE-UPGRD SAME NO,T>1M
R-NG,RL202008020041002,AB-FTTH,CREATE-UPGRD SAME NO,T>1M
R-NG,RL202008170025471,AB-FTTH,CREATE-UPGRD SAME NO,T>1M
R-NG,DH202008210088012,AB-FTTH,CREATE-UPGRD SAME NO,T>1M
R-NG,NG202009240085305,AB-FTTH,CREATE-UPGRD SAME NO,T>1M
R-NG,DH202010090082055,AB-FTTH,CREATE-UPGRD SAME NO,10D<T<=1M
R-NG,KK202009280038642,AB-FTTH,CREATE-UPGRD SAME NO,T>1M
R-NG,SL202010070011137,AB-FTTH,CREATE,10D<T<=1M
R-NG,DH202009260019203,AB-FTTH,CREATE-UPGRD SAME NO,T>1M
R-NG,DH202010090088456,AB-FTTH,CREATE-UPGRD SAME NO,10D<T<=1M
R-NG,DH202009250001681,AB-FTTH,CREATE,T>1M
R-NG,RL202010090077119,AB-FTTH,CREATE-UPGRD SAME NO,10D<T<=1M
R-NG,DH202011010049762,AB-FTTH,CREATE-UPGRD SAME NO,T<=7D
R-NG,NG202010240043145,AB-FTTH,CREATE-UPGRD SAME NO,10D<T<=1M
R-NG,KN202010250051659,AB-FTTH,CREATE-UPGRD SAME NO,7D<T<=10D
R-NG,KK202010290015422,AB-FTTH,CREATE,T<=7D
R-NG,KAA202011030065481,AB-FTTH,CREATE,T<=7D
R-NG,MNG202010290022159,AB-FTTH,CREATE-UPGRD SAME NO,T<=7D
R-NG,DH202010200045552,AB-FTTH,CREATE-UPGRD SAME NO,10D<T<=1M
R-NG,NG202010280001225,AB-FTTH,CREATE-UPGRD SAME NO,T<=7D
R-NG,RL202010280001304,AB-FTTH,CREATE,T<=7D
R-NG,DH202009080025395,AB-FTTH,CREATE-UPGRD SAME NO,T>1M
R-NG,NG202003050090522,AB-FTTH,CREATE-UPGRD SAME NO,T>1M
R-NG,SL202007090009661,AB-FTTH,CREATE,T>1M
R-NG,RL202002200082782,AB-FTTH,CREATE-UPGRD SAME NO,T>1M
R-NG,KAA201910230059280,AB-FTTH,CREATE,T>1M
R-NG,NG202007300092717,AB-FTTH,CREATE-UPGRD SAME NO,T>1M
R-NG,DH202009220085046,AB-FTTH,CREATE-UPGRD SAME NO,T>1M
R-NG,NG202007090013726,AB-FTTH,CREATE-UPGRD SAME NO,T>1M
R-NG,SL202007090013709,AB-FTTH,CREATE,T>1M
R-NG,KAA202008260014507,AB-FTTH,CREATE-UPGRD SAME NO,T>1M
R-NG,NG202009030034218,AB-FTTH,CREATE,T>1M
R-NG,DH202009070089087,AB-FTTH,CREATE-UPGRD SAME NO,T>1M
R-NG,KN202009190013825,AB-FTTH,CREATE-UPGRD SAME NO,T>1M
R-NG,RL202007110057182,AB-FTTH,CREATE-UPGRD SAME NO,T>1M
R-NG,RL202007150057491,AB-FTTH,CREATE-UPGRD SAME NO,T>1M
R-NG,NG202007140016885,AB-FTTH,CREATE-UPGRD SAME NO,T>1M
R-NG,NG202007150047054,AB-FTTH,CREATE-UPGRD SAME NO,T>1M
R-NG,DH202009280046805,AB-FTTH,CREATE-UPGRD SAME NO,T>1M
R-NG,RL202010150008055,AB-FTTH,CREATE,10D<T<=1M
R-NG,KN202010150000387,AB-FTTH,CREATE-UPGRD SAME NO,10D<T<=1M
R-NG,KK202010140075325,AB-FTTH,CREATE-UPGRD SAME NO,10D<T<=1M
R-NG,NG202010120012471,AB-FTTH,CREATE-UPGRD SAME NO,10D<T<=1M
R-NG,DH202010170066376,AB-FTTH,CREATE-UPGRD SAME NO,10D<T<=1M
R-NG,DH202010150016216,AB-FTTH,CREATE-UPGRD SAME NO,10D<T<=1M
R-NG,KN202009240067940,AB-FTTH,CREATE,T>1M
R-NG,DH202010150016211,AB-FTTH,CREATE-UPGRD SAME NO,10D<T<=1M
R-NG,NG202010150016629,AB-FTTH,CREATE,10D<T<=1M
R-NG,MNG202007220059974,AB-FTTH,CREATE-UPGRD SAME NO,T>1M
R-NG,NG202007230073063,AB-FTTH,CREATE-UPGRD SAME NO,T>1M
R-NG,KAA202007240026617,AB-FTTH,CREATE-UPGRD SAME NO,T>1M
R-NG,RL202008070005665,AB-FTTH,CREATE-UPGRD SAME NO,T>1M
R-NG,NG202008080015131,AB-FTTH,CREATE-UPGRD SAME NO,T>1M
R-NG,RL202008180069042,AB-FTTH,CREATE-UPGRD SAME NO,T>1M
R-NG,NG202008190015449,AB-FTTH,CREATE-UPGRD SAME NO,T>1M
R-NG,DH202010120008432,AB-FTTH,CREATE-UPGRD SAME NO,10D<T<=1M
R-NG,RL202010150008700,AB-FTTH,CREATE,10D<T<=1M
R-NG,RL202010090088528,AB-FTTH,CREATE-UPGRD SAME NO,10D<T<=1M
R-NG,KN202010070011180,AB-FTTH,CREATE-UPGRD SAME NO,10D<T<=1M
R-NG,RL202010100097415,AB-FTTH,CREATE-UPGRD SAME NO,10D<T<=1M
R-NG,NG202010280097432,AB-FTTH,CREATE-UPGRD SAME NO,T<=7D
R-NG,KK202010200045522,AB-FTTH,CREATE-UPGRD SAME NO,10D<T<=1M
R-NG,RL202011030070714,AB-FTTH,CREATE-UPGRD SAME NO,T<=7D
R-NG,KK202007090008918,AB-FTTH,CREATE-UPGRD SAME NO,T>1M
R-NG,KN202009150095440,AB-FTTH,CREATE-UPGRD SAME NO,T>1M
R-NG,NG202010190099674,AB-FTTH,CREATE-UPGRD SAME NO,10D<T<=1M
R-NG,KK202010190099690,AB-FTTH,CREATE-UPGRD SAME NO,10D<T<=1M
R-NG,RL202006180037747,AB-FTTH,CREATE-UPGRD SAME NO,T>1M
R-NG,RL202010190002795,AB-FTTH,CREATE-UPGRD SAME NO,10D<T<=1M
R-NG,MNG202001170089465,AB-FTTH,CREATE-UPGRD SAME NO,T>1M
R-NG,KN202009160030653,AB-FTTH,CREATE-UPGRD SAME NO,T>1M
R-NG,KK201912300038895,AB-FTTH,MODIFY-LOCATION,T>1M
R-NG,KAA202009160018911,AB-FTTH,CREATE-UPGRD SAME NO,T>1M
R-NG,NG202009100093591,AB-FTTH,CREATE-UPGRD SAME NO,T>1M
R-NG,NG202009100083353,AB-FTTH,CREATE-UPGRD SAME NO,T>1M
R-NG,DH202009240056044,AB-FTTH,CREATE,T>1M
R-NG,KK202007100025810,AB-FTTH,CREATE-OR,T>1M
R-NG,MNG202009230016230,AB-FTTH,CREATE,T>1M
R-NG,KN202006190072979,AB-FTTH,CREATE-UPGRD SAME NO,T>1M
R-NG,KAA202008310002445,AB-FTTH,CREATE-UPGRD SAME NO,T>1M
R-NG,DH202008310092427,AB-FTTH,CREATE-UPGRD SAME NO,T>1M
R-NG,DH202008310092582,AB-FTTH,CREATE-UPGRD SAME NO,T>1M
R-NG,NG202007200007128,AB-FTTH,CREATE-UPGRD SAME NO,T>1M
R-NG,KN202010090078702,AB-FTTH,CREATE,10D<T<=1M
R-NG,KN202010070013421,AB-FTTH,CREATE-UPGRD SAME NO,10D<T<=1M
R-NG,DH202009300088021,AB-FTTH,CREATE-UPGRD SAME NO,T>1M
R-NG,DH202010130049371,AB-FTTH,CREATE-UPGRD SAME NO,10D<T<=1M
R-NG,NG202010140075326,AB-FTTH,CREATE,10D<T<=1M
R-NG,DH202010140065622,AB-FTTH,CREATE-UPGRD SAME NO,10D<T<=1M
R-NG,RL202010050047454,AB-FTTH,CREATE-UPGRD SAME NO,10D<T<=1M
R-NG,KN202007230088971,AB-FTTH,CREATE-UPGRD SAME NO,T>1M
R-NG,KK202007240023326,AB-FTTH,CREATE-UPGRD SAME NO,T>1M
R-NG,NG202008070006692,AB-FTTH,CREATE-UPGRD SAME NO,T>1M
R-NG,NG202008180055198,AB-FTTH,CREATE,T>1M
R-NG,DH202010080041107,AB-FTTH,CREATE-UPGRD SAME NO,10D<T<=1M
R-NG,KK202010050045613,AB-FTTH,CREATE,10D<T<=1M
R-NG,KK202010130041187,AB-FTTH,CREATE-UPGRD SAME NO,10D<T<=1M
R-NG,NG202010130042738,AB-FTTH,CREATE-UPGRD SAME NO,10D<T<=1M
R-NG,RL202010130046473,AB-FTTH,CREATE-UPGRD SAME NO,10D<T<=1M
R-NG,NG202010130046484,AB-FTTH,CREATE-UPGRD SAME NO,10D<T<=1M
R-NG,RL202010050045637,AB-FTTH,CREATE,10D<T<=1M
R-NG,NG202010120026522,AB-FTTH,CREATE-UPGRD SAME NO,10D<T<=1M
R-NG,NG202010040034901,AB-FTTH,MODIFY-LOCATION,T>1M
R-NG,RL202010310040264,AB-FTTH,CREATE-UPGRD SAME NO,T<=7D
R-NG,RL202011020060869,AB-FTTH,CREATE-UPGRD SAME NO,T<=7D
R-NG,NG202010250051663,AB-FTTH,CREATE-UPGRD SAME NO,7D<T<=10D
R-NG,RL202010310040280,AB-FTTH,CREATE-UPGRD SAME NO,T<=7D
R-NG,DJ202010310040285,AB-FTTH,CREATE-UPGRD SAME NO,T<=7D
R-NG,KK202010290014901,AB-FTTH,CREATE,T<=7D
R-NG,DH202011030070270,AB-FTTH,CREATE-UPGRD SAME NO,T<=7D
R-NG,MNG202011030070608,AB-FTTH,CREATE-UPGRD SAME NO,T<=7D
R-NG,KN202011030070657,AB-FTTH,CREATE-UPGRD SAME NO,T<=7D
R-NG,DH202010250051667,AB-FTTH,CREATE-UPGRD SAME NO,7D<T<=10D
R-NG,DJ202010210073985,AB-FTTH,CREATE-UPGRD SAME NO,10D<T<=1M
R-NG,DH202010190002802,AB-FTTH,CREATE-UPGRD SAME NO,10D<T<=1M
R-NG,DH202010190004680,AB-FTTH,CREATE-UPGRD SAME NO,10D<T<=1M
R-NG,KN202002280099536,AB-FTTH,CREATE,T>1M
R-NG,MNG201909030074524,AB-FTTH,CREATE-UPGRD SAME NO,T>1M
R-NG,KK202002200090152,AB-FTTH,CREATE-UPGRD SAME NO,T>1M
R-NG,KAA201910230059267,AB-FTTH,CREATE,T>1M
R-NG,NG202010190002727,AB-FTTH,CREATE,10D<T<=1M
R-NG,NG202010190002762,AB-FTTH,CREATE-UPGRD SAME NO,10D<T<=1M
R-NG,NG201905210056967,AB-FTTH,CREATE-UPGRD SAME NO,T>1M
R-NG,KK202009100093602,AB-FTTH,CREATE-UPGRD SAME NO,T>1M
R-NG,DH202009240058075,AB-FTTH,CREATE-UPGRD SAME NO,T>1M
R-NG,NG202009220080887,AB-FTTH,CREATE-UPGRD SAME NO,T>1M
R-NG,KK202005110042964,AB-FTTH,CREATE-UPGRD SAME NO,T>1M
R-NG,SL202007090013742,AB-FTTH,CREATE,T>1M
R-NG,NG202007090013889,AB-FTTH,CREATE-UPGRD SAME NO,T>1M
R-NG,NG201907170083052,AB-FTTH,MODIFY-LOCATION,T>1M
R-NG,KAA202009090073327,AB-FTTH,CREATE-UPGRD SAME NO,T>1M
R-NG,RL202009090073344,AB-FTTH,CREATE-UPGRD SAME NO,T>1M
R-NG,NG202008270022367,AB-FTTH,CREATE-UPGRD SAME NO,T>1M
R-NG,MNG202009080022949,AB-FTTH,CREATE,T>1M
R-NG,RL202009030034305,AB-FTTH,CREATE-UPGRD SAME NO,T>1M
R-NG,KN202007090092912,AB-FTTH,CREATE-UPGRD SAME NO,T>1M
R-NG,MNG202009180081180,AB-FTTH,CREATE-UPGRD SAME NO,T>1M
R-NG,NG202009210040672,AB-FTTH,CREATE-UPGRD SAME NO,T>1M
R-NG,NG202007160069957,AB-FTTH,CREATE-UPGRD SAME NO,T>1M
R-NG,RL202007110057467,AB-FTTH,CREATE-UPGRD SAME NO,T>1M
R-NG,RL202007160069857,AB-FTTH,CREATE-UPGRD SAME NO,T>1M
R-NG,DH202010120008348,AB-FTTH,CREATE-UPGRD SAME NO,10D<T<=1M
R-NG,RL202010050045867,AB-FTTH,CREATE,10D<T<=1M
R-NG,KN202010060087336,AB-FTTH,CREATE-UPGRD SAME NO,10D<T<=1M
R-NG,DH202009300087999,AB-FTTH,CREATE,T>1M
R-NG,DH202010150097439,AB-FTTH,CREATE-UPGRD SAME NO,10D<T<=1M
R-NG,KN202010060077490,AB-FTTH,CREATE-UPGRD SAME NO,10D<T<=1M
R-NG,BDL202007210029443,AB-FTTH,CREATE-UPGRD SAME NO,T>1M
R-NG,NG202007280019865,AB-FTTH,CREATE-UPGRD SAME NO,T>1M
R-NG,NG202007270094610,AB-FTTH,CREATE,T>1M
R-NG,KN202007220060019,AB-FTTH,CREATE-UPGRD SAME NO,T>1M
R-NG,NG202008140088806,AB-FTTH,CREATE-UPGRD SAME NO,T>1M
R-NG,DH202010120008452,AB-FTTH,CREATE-UPGRD SAME NO,10D<T<=1M
R-NG,DH202010090082048,AB-FTTH,CREATE-UPGRD SAME NO,10D<T<=1M
R-NG,RL202010100097400,AB-FTTH,CREATE-UPGRD SAME NO,10D<T<=1M
R-NG,DH202009300088005,AB-FTTH,CREATE-UPGRD SAME NO,T>1M
R-NG,DJ202009300078389,AB-FTTH,CREATE-UPGRD SAME NO,T>1M
R-NG,DH202010050050060,AB-FTTH,CREATE-UPGRD SAME NO,10D<T<=1M
R-NG,MNG202010140079189,AB-FTTH,CREATE-UPGRD SAME NO,10D<T<=1M
R-NG,NG202010170066342,AB-FTTH,CREATE-UPGRD SAME NO,10D<T<=1M
R-NG,DH202010070020093,AB-FTTH,CREATE-UPGRD SAME NO,10D<T<=1M
R-NG,MNG202009250011834,AB-FTTH,CREATE-UPGRD SAME NO,T>1M
R-NG,NG202011030065448,AB-FTTH,CREATE-UPGRD SAME NO,T<=7D
R-NG,MNG202010210065715,AB-FTTH,CREATE,10D<T<=1M
R-NG,RL202010310040295,AB-FTTH,CREATE-UPGRD SAME NO,T<=7D
R-NG,DH202010200049571,AB-FTTH,CREATE,10D<T<=1M
R-NG,NG202011030070649,AB-FTTH,CREATE-UPGRD SAME NO,T<=7D
R-NG,DH202010250051686,AB-FTTH,CREATE,7D<T<=10D
R-NG,SL202007090008780,AB-FTTH,CREATE-UPGRD SAME NO,T>1M
R-NG,MNG202010190009945,AB-FTTH,CREATE-UPGRD SAME NO,10D<T<=1M
R-NG,KN202003120040649,AB-FTTH,CREATE,T>1M
R-NG,NG202010190003758,AB-FTTH,CREATE-UPGRD SAME NO,10D<T<=1M
R-NG,KN201904100064569,AB-FTTH,CREATE,T>1M
R-NG,DH202009110023945,AB-FTTH,CREATE-UPGRD SAME NO,T>1M
R-NG,DJ202009230016383,AB-FTTH,CREATE-UPGRD SAME NO,T>1M
R-NG,SL202007090013707,AB-FTTH,CREATE,T>1M
R-NG,KN202006260048564,AB-FTTH,CREATE-UPGRD SAME NO,T>1M
R-NG,RL202009050062534,AB-FTTH,CREATE-UPGRD SAME NO,T>1M
R-NG,DH202008270022297,AB-FTTH,CREATE-UPGRD SAME NO,T>1M
R-NG,NG202009070094916,AB-FTTH,CREATE-UPGRD SAME NO,T>1M
R-NG,KK202009050062334,AB-FTTH,CREATE-UPGRD SAME NO,T>1M
R-NG,MNG202007070025883,AB-FTTH,CREATE-UPGRD SAME NO,T>1M
R-NG,RL202007080067989,AB-FTTH,CREATE-UPGRD SAME NO,T>1M
R-NG,DH202009210047988,AB-FTTH,CREATE-UPGRD SAME NO,T>1M
R-NG,NG202009180097076,AB-FTTH,CREATE-UPGRD SAME NO,T>1M
R-NG,NG202007150057800,AB-FTTH,MODIFY-LOCATION,T>1M
R-NG,KAA202007160081985,AB-FTTH,CREATE-UPGRD SAME NO,T>1M
R-NG,DH202010120008441,AB-FTTH,CREATE-UPGRD SAME NO,10D<T<=1M
R-NG,NG202010120017883,AB-FTTH,CREATE-UPGRD SAME NO,10D<T<=1M
R-NG,NG202010120014951,AB-FTTH,CREATE-UPGRD SAME NO,10D<T<=1M
R-NG,DH202010070016275,AB-FTTH,CREATE,10D<T<=1M
R-NG,NG202010160032432,AB-FTTH,CREATE-UPGRD SAME NO,10D<T<=1M
R-NG,DH202010150000274,AB-FTTH,CREATE-UPGRD SAME NO,10D<T<=1M
R-NG,DH202009250011941,AB-FTTH,CREATE-UPGRD SAME NO,T>1M
R-NG,RL202010080041095,AB-FTTH,CREATE-UPGRD SAME NO,10D<T<=1M
R-NG,RL202010070011612,AB-FTTH,CREATE-UPGRD SAME NO,10D<T<=1M
R-NG,KN202010050058897,AB-FTTH,CREATE-UPGRD SAME NO,10D<T<=1M
R-NG,NG202007220048745,AB-FTTH,CREATE-UPGRD SAME NO,T>1M
R-NG,KN202007240033990,AB-FTTH,CREATE-UPGRD SAME NO,T>1M
R-NG,RL202007210029421,AB-FTTH,CREATE-UPGRD SAME NO,T>1M
R-NG,MNG202008100039878,AB-FTTH,CREATE-UPGRD SAME NO,T>1M
R-NG,NG202009300078340,AB-FTTH,CREATE-UPGRD SAME NO,T>1M
R-NG,NG202010020006684,AB-FTTH,CREATE-UPGRD SAME NO,T>1M
R-NG,MNG202009240067270,AB-FTTH,CREATE-UPGRD SAME NO,T>1M
R-NG,RL202010080045436,AB-FTTH,CREATE-UPGRD SAME NO,10D<T<=1M
R-NG,NG202010130040975,AB-FTTH,CREATE-UPGRD SAME NO,10D<T<=1M
R-NG,RL202009240068880,AB-FTTH,CREATE-UPGRD SAME NO,T>1M
R-NG,DH202010140075349,AB-FTTH,CREATE-UPGRD SAME NO,10D<T<=1M
R-NG,RL202010090077168,AB-FTTH,CREATE-UPGRD SAME NO,10D<T<=1M
R-NG,NG202010310040256,AB-FTTH,CREATE,T<=7D
R-NG,RL202010200036206,AB-FTTH,CREATE,10D<T<=1M
R-NG,KN202011030070661,AB-FTTH,CREATE-UPGRD SAME NO,T<=7D
R-NG,MNG202010310031119,AB-FTTH,CREATE,T<=7D
R-NG,DH202010280097572,AB-FTTH,CREATE-UPGRD SAME NO,T<=7D
R-NG,NG202010280097624,AB-FTTH,CREATE-UPGRD SAME NO,T<=7D
R-NG,NG202010200052649,AB-FTTH,CREATE,10D<T<=1M
R-NG,RL202010310040300,AB-FTTH,CREATE-UPGRD SAME NO,T<=7D
R-NG,RL202010280001240,AB-FTTH,CREATE,T<=7D
R-NG,MNG201810080039087,IPTV,CREATE,T>1M
R-NG,DH201903190093244,IPTV,CREATE,T>1M
R-NG,MNG201903210010737,IPTV,CREATE,T>1M
R-NG,NG201903210007366,IPTV,CREATE,T>1M
R-NG,DH201903190091497,IPTV,CREATE,T>1M
R-NG,DJ201903290078621,IPTV,CREATE,T>1M
R-NG,KN202002260037652,IPTV,CREATE,T>1M
R-NG,KK202007300092766,IPTV,CREATE,T>1M
R-NG,KN202002260037686,IPTV,CREATE,T>1M
R-NG,KN202002260037710,IPTV,CREATE,T>1M
R-NG,NG202010190011641,IPTV,CREATE,7D<T<=1M
R-NG,KN201808180066478,IPTV,CREATE,T>1M
R-NG,DJ201810130086653,IPTV,CREATE,T>1M
R-NG,NG201810120067348,IPTV,CREATE,T>1M
R-NG,MNG201811090096714,IPTV,CREATE,T>1M
R-NG,NG201811090067723,IPTV,CREATE,T>1M
R-NG,NG201811080050544,IPTV,CREATE,T>1M
R-NG,KK201812120035867,IPTV,CREATE,T>1M
R-NG,KN201901140009151,IPTV,CREATE,T>1M
R-NG,KN201901140015663,IPTV,CREATE,T>1M
R-NG,KK201901220072891,IPTV,CREATE,T>1M
R-NG,BDL201903150061264,IPTV,CREATE,T>1M
R-NG,NG201903060073086,IPTV,CREATE,T>1M
R-NG,NG201903060073295,IPTV,CREATE,T>1M
R-NG,KN201903090002868,IPTV,CREATE,T>1M
R-NG,NG201903130033550,IPTV,CREATE,T>1M
R-NG,DJ201903020049333,IPTV,CREATE,T>1M
R-NG,DJ201903130038999,IPTV,CREATE,T>1M
R-NG,KK201904020006991,IPTV,CREATE,T>1M
R-NG,KN201904100064577,IPTV,CREATE,T>1M
R-NG,NG201904010004906,IPTV,CREATE,T>1M
R-NG,NG201905060051146,IPTV,MODIFY-LOCATION,T>1M
R-NG,NG201905060034769,IPTV,CREATE,T>1M
R-NG,DH201906280007212,IPTV,CREATE,T>1M
R-NG,DJ201908010037427,IPTV,CREATE,T>1M
R-NG,DJ201908120002814,IPTV,CREATE-RECON,T>1M
R-NG,KN201909110048175,IPTV,CREATE,T>1M
R-NG,NG201909220009311,IPTV,CREATE,T>1M
R-NG,NG201909260097518,IPTV,MODIFY-LOCATION,T>1M
R-NG,RL201910080092018,IPTV,CREATE,T>1M
R-NG,NG201910220020954,IPTV,CREATE,T>1M
R-NG,NG201911290063164,IPTV,MODIFY-LOCATION,T>1M
R-NG,KK202002100034263,IPTV,CREATE,T>1M
R-NG,MNG202002190067405,IPTV,CREATE,T>1M
R-NG,NG202003100080627,IPTV,CREATE,T>1M
R-NG,KAA202003050090732,IPTV,CREATE,T>1M
R-NG,NG202003060024999,IPTV,CREATE,T>1M
R-NG,NG202003040064779,IPTV,CREATE,T>1M
R-NG,KAA202003040071572,IPTV,CREATE,T>1M
R-NG,KAA202003180026029,IPTV,CREATE,T>1M
R-NG,NG202003130059755,IPTV,CREATE,T>1M
R-NG,KAA202005200024686,IPTV,CREATE,T>1M
R-NG,KN202006180037769,IPTV,CREATE,T>1M
R-NG,RL202006260054741,IPTV,CREATE,T>1M
R-NG,KN202006230042254,IPTV,CREATE,T>1M
R-NG,KK202007090013625,IPTV,CREATE,T>1M
R-NG,SL202007110063619,IPTV,CREATE,T>1M
R-NG,NG202007230093840,IPTV,CREATE,T>1M
R-NG,KK202008210001133,IPTV,CREATE,T>1M
R-NG,DJ202008260014731,IPTV,CREATE,T>1M
R-NG,SL202008310098680,IPTV,CREATE,T>1M
R-NG,KN202009150092742,IPTV,CREATE,T>1M
R-NG,MNG202009230016245,IPTV,CREATE,T>1M
R-NG,DJ202009230030869,IPTV,CREATE,T>1M
R-NG,RL202010050045641,IPTV,CREATE,7D<T<=1M
R-NG,MNG202009280038214,IPTV,CREATE,T>1M
R-NG,DH202009250001721,IPTV,CREATE,T>1M
R-NG,NG202010080052868,IPTV,CREATE,7D<T<=1M
R-NG,MNG202009290069311,IPTV,CREATE-RECON,T>1M
R-NG,RL202010150008727,IPTV,CREATE,7D<T<=1M
R-NG,MNG202010130035657,IPTV,CREATE,7D<T<=1M
R-NG,NG202010170062490,IPTV,CREATE,7D<T<=1M
R-NG,MNG202009250011852,IPTV,CREATE,T>1M
R-NG,RL202010290015417,IPTV,CREATE,3D<T<=7D
R-NG,KAA202011030073245,IPTV,CREATE,T<=3D
R-NG,KK202010200036146,IPTV,CREATE,7D<T<=1M
R-NG,NG201807030065443,IPTV,CREATE,T>1M
R-NG,RL201903180082489,IPTV,CREATE,T>1M
R-NG,KN201811120089908,IPTV,CREATE,T>1M
R-NG,KN201903190093049,IPTV,CREATE,T>1M
R-NG,NG201903190093576,IPTV,CREATE,T>1M
R-NG,NG201903190095355,IPTV,CREATE,T>1M
R-NG,KAA201903210000717,IPTV,CREATE,T>1M
R-NG,MNG201910280090352,IPTV,CREATE,T>1M
R-NG,NG201906220039277,IPTV,CREATE,T>1M
R-NG,NG201903280074508,IPTV,CREATE,T>1M
R-NG,KK201909290058055,IPTV,CREATE,T>1M
R-NG,DJ201909290057350,IPTV,CREATE,T>1M
R-NG,SL202007090009574,IPTV,CREATE,T>1M
R-NG,NG202002030094823,IPTV,CREATE,T>1M
R-NG,KN202002260037627,IPTV,CREATE,T>1M
R-NG,NG201709130026725,IPTV,CREATE,T>1M
R-NG,KAA201808260057373,IPTV,MODIFY-LOCATION,T>1M
R-NG,NG201809150043278,IPTV,CREATE,T>1M
R-NG,NG201810150011855,IPTV,CREATE,T>1M
R-NG,KAA201810130079997,IPTV,CREATE,T>1M
R-NG,DH201810120076464,IPTV,CREATE,T>1M
R-NG,NG201811090092651,IPTV,CREATE,T>1M
R-NG,SL201811090074444,IPTV,CREATE,T>1M
R-NG,KN201901140016602,IPTV,CREATE,T>1M
R-NG,KN201901140016346,IPTV,CREATE,T>1M
R-NG,KN201901140016347,IPTV,CREATE,T>1M
R-NG,KN201903070078969,IPTV,CREATE,T>1M
R-NG,NG201903060067494,IPTV,CREATE,T>1M
R-NG,DJ201903130040540,IPTV,CREATE,T>1M
R-NG,KAA201903150061047,IPTV,CREATE,T>1M
R-NG,KK201903050057593,IPTV,CREATE,T>1M
R-NG,MNG201903130039151,IPTV,MODIFY-LOCATION,T>1M
R-NG,NG201903120029158,IPTV,CREATE,T>1M
R-NG,NG201906100014370,IPTV,MODIFY-LOCATION,T>1M
R-NG,NG201908060048433,IPTV,CREATE,T>1M
R-NG,NG201907300050086,IPTV,CREATE,T>1M
R-NG,DJ201909070081614,IPTV,CREATE,T>1M
R-NG,KAA201910230059287,IPTV,CREATE,T>1M
R-NG,KK201911160044037,IPTV,CREATE,T>1M
R-NG,NG202001070076674,IPTV,CREATE,T>1M
R-NG,NG202001310061040,IPTV,CREATE,T>1M
R-NG,KN202001240066025,IPTV,MODIFY-LOCATION,T>1M
R-NG,DH202002100038638,IPTV,CREATE,T>1M
R-NG,RL202002260031465,IPTV,CREATE,T>1M
R-NG,KAA202003100074115,IPTV,CREATE,T>1M
R-NG,KN202003020035425,IPTV,CREATE,T>1M
R-NG,MNG202005170009629,IPTV,CREATE,T>1M
R-NG,KN202007010073588,IPTV,CREATE-OR,T>1M
R-NG,KAA202007210015138,IPTV,CREATE-OR,T>1M
R-NG,KN202008110085899,IPTV,CREATE,T>1M
R-NG,KAA202008190011421,IPTV,CREATE,T>1M
R-NG,NG202008200058828,IPTV,CREATE,T>1M
R-NG,NG202009070094772,IPTV,CREATE,T>1M
R-NG,MNG202009070099716,IPTV,CREATE,T>1M
R-NG,KN202009020025780,IPTV,CREATE,T>1M
R-NG,SL202008310089838,IPTV,CREATE,T>1M
R-NG,MNG202009170040532,IPTV,CREATE,T>1M
R-NG,DJ202009230037011,IPTV,CREATE,T>1M
R-NG,NG202009230020242,IPTV,CREATE-OR,T>1M
R-NG,RL202010170058969,IPTV,MODIFY-LOCATION,7D<T<=1M
R-NG,DH202009300078347,IPTV,CREATE,T>1M
R-NG,MNG202009280047724,IPTV,CREATE,T>1M
R-NG,KAA202010080052888,IPTV,CREATE,7D<T<=1M
R-NG,BDL202010130042723,IPTV,CREATE,7D<T<=1M
R-NG,NG202009290057850,IPTV,CREATE,T>1M
R-NG,NG202010060083560,IPTV,CREATE,7D<T<=1M
R-NG,KAA202010050052680,IPTV,CREATE,7D<T<=1M
R-NG,KN202009280038479,IPTV,CREATE,T>1M
R-NG,MNG202010160048287,IPTV,CREATE,7D<T<=1M
R-NG,DJ202009300074886,IPTV,CREATE,T>1M
R-NG,BDL202009290057965,IPTV,CREATE-OR,T>1M
R-NG,BDL202010050058950,IPTV,CREATE,7D<T<=1M
R-NG,NG202010310040266,IPTV,CREATE,3D<T<=7D
R-NG,RL202010310031141,IPTV,CREATE,3D<T<=7D
R-NG,NG202010210072509,IPTV,CREATE,7D<T<=1M
R-NG,RL202010200042126,IPTV,CREATE,7D<T<=1M
R-NG,NG202010290014290,IPTV,CREATE,3D<T<=7D
R-NG,KN202010290014310,IPTV,CREATE,3D<T<=7D
R-NG,KK202010290014922,IPTV,CREATE,3D<T<=7D
R-NG,KN201901140008552,IPTV,CREATE,T>1M
R-NG,KN201901140008806,IPTV,CREATE,T>1M
R-NG,NG201903190093459,IPTV,CREATE,T>1M
R-NG,KK201903220022097,IPTV,CREATE,T>1M
R-NG,NG202001010085946,IPTV,CREATE,T>1M
R-NG,KK201909290058139,IPTV,CREATE,T>1M
R-NG,NG201709300034691,IPTV,CREATE,T>1M
R-NG,KN202002260037699,IPTV,CREATE,T>1M
R-NG,KAA202002260041868,IPTV,CREATE,T>1M
R-NG,MNG202001020098654,IPTV,CREATE,T>1M
R-NG,MNG202001010092544,IPTV,CREATE,T>1M
R-NG,KN202002260037676,IPTV,CREATE,T>1M
R-NG,KAA202002260041952,IPTV,CREATE,T>1M
R-NG,KAA202002260041840,IPTV,CREATE,T>1M
R-NG,NG201705300018970,IPTV,CREATE,T>1M
R-NG,SL201809280016540,IPTV,CREATE,T>1M
R-NG,MNG201810030029998,IPTV,CREATE,T>1M
R-NG,RL201809280017834,IPTV,CREATE,T>1M
R-NG,MNG201810160044444,IPTV,CREATE,T>1M
R-NG,NG201811090089449,IPTV,CREATE,T>1M
R-NG,SL201812010090409,IPTV,CREATE,T>1M
R-NG,KK201812120043143,IPTV,MODIFY-LOCATION,T>1M
R-NG,MNG201812130072377,IPTV,CREATE,T>1M
R-NG,RL201812200052477,IPTV,CREATE,T>1M
R-NG,KN201901140016344,IPTV,CREATE,T>1M
R-NG,KK201903080094652,IPTV,CREATE,T>1M
R-NG,MNG201903150058919,IPTV,CREATE,T>1M
R-NG,NG201903140043685,IPTV,CREATE,T>1M
R-NG,NG201903060072984,IPTV,CREATE,T>1M
R-NG,NG201903060069790,IPTV,CREATE,T>1M
R-NG,NG201903060066894,IPTV,CREATE,T>1M
R-NG,NG201903130042427,IPTV,CREATE,T>1M
R-NG,NG201903090001353,IPTV,CREATE,T>1M
R-NG,DJ201903120022764,IPTV,CREATE,T>1M
R-NG,KAA201904040055570,IPTV,CREATE,T>1M
R-NG,KK201903310096009,IPTV,CREATE,T>1M
R-NG,RL201905310017691,IPTV,CREATE-RECON,T>1M
R-NG,NG201906240084259,IPTV,CREATE,T>1M
R-NG,NG201906240090336,IPTV,CREATE,T>1M
R-NG,NG201907170083059,IPTV,MODIFY-LOCATION,T>1M
R-NG,NG201908050019368,IPTV,CREATE,T>1M
R-NG,KK201909300087024,IPTV,CREATE,T>1M
R-NG,DJ201910150069088,IPTV,CREATE,T>1M
R-NG,KK201910140039058,IPTV,CREATE,T>1M
R-NG,KK201910250024329,IPTV,CREATE,T>1M
R-NG,KAA201910230059276,IPTV,CREATE,T>1M
R-NG,KK201912270080893,IPTV,CREATE,T>1M
R-NG,KK202002150071527,IPTV,CREATE,T>1M
R-NG,NG202003110099439,IPTV,CREATE,T>1M
R-NG,NG202005150055717,IPTV,CREATE,T>1M
R-NG,KN202006220031133,IPTV,CREATE,T>1M
R-NG,SL202007090013747,IPTV,CREATE,T>1M
R-NG,SL202007090013711,IPTV,CREATE,T>1M
R-NG,NG202007130093867,IPTV,CREATE,T>1M
R-NG,KK202007130093769,IPTV,CREATE,T>1M
R-NG,NG202007270084633,IPTV,CREATE,T>1M
R-NG,NG202007220048699,IPTV,CREATE,T>1M
R-NG,KK202007310021260,IPTV,CREATE,T>1M
R-NG,KN202008060083779,IPTV,CREATE,T>1M
R-NG,DJ202008190012540,IPTV,CREATE,T>1M
R-NG,KK202008200057990,IPTV,CREATE,T>1M
R-NG,NG202008220031191,IPTV,CREATE,T>1M
R-NG,MNG202009080022955,IPTV,CREATE,T>1M
R-NG,MNG202009140068391,IPTV,MODIFY-LOCATION,T>1M
R-NG,MNG202009160019334,IPTV,MODIFY-LOCATION,T>1M
R-NG,RL202009160030644,IPTV,CREATE,T>1M
R-NG,BDL202009210048031,IPTV,CREATE-RECON,T>1M
R-NG,NG202009190015548,IPTV,CREATE,T>1M
R-NG,KN202009220085073,IPTV,CREATE,T>1M
R-NG,NG202009230027203,IPTV,CREATE,T>1M
R-NG,KN202010070016285,IPTV,CREATE,7D<T<=1M
R-NG,NG202010120026421,IPTV,CREATE,7D<T<=1M
R-NG,RL202010050045814,IPTV,CREATE,7D<T<=1M
R-NG,MNG202010130039198,IPTV,CREATE,7D<T<=1M
R-NG,NG202010140079473,IPTV,CREATE,7D<T<=1M
R-NG,RL202010050045881,IPTV,CREATE,7D<T<=1M
R-NG,DH202009300088012,IPTV,CREATE,T>1M
R-NG,KAA202010170062509,IPTV,CREATE,7D<T<=1M
R-NG,NG202010290014336,IPTV,CREATE,3D<T<=7D
R-NG,KN202010290014343,IPTV,CREATE,3D<T<=7D
R-NG,NG202010290014291,IPTV,CREATE,3D<T<=7D
R-NG,NG202010290014293,IPTV,CREATE,3D<T<=7D
R-NG,RL202010280001300,IPTV,CREATE,3D<T<=7D
R-NG,DH202010280097639,IPTV,CREATE,3D<T<=7D
R-NG,KK202010280097581,IPTV,CREATE,3D<T<=7D
R-NG,MNG202010310031151,IPTV,CREATE,3D<T<=7D
R-NG,DJ202010200047557,IPTV,CREATE,7D<T<=1M
R-NG,NG201802150027063,IPTV,MODIFY-LOCATION,T>1M
R-NG,MNG201903180086000,IPTV,CREATE,T>1M
R-NG,MNG201903190096463,IPTV,CREATE,T>1M
R-NG,KK201903210002610,IPTV,CREATE,T>1M
R-NG,NG201903190097655,IPTV,CREATE,T>1M
R-NG,KN201903220022360,IPTV,CREATE,T>1M
R-NG,NG201903290075309,IPTV,CREATE,T>1M
R-NG,KK202001020098024,IPTV,CREATE,T>1M
R-NG,KK201704150032262,IPTV,CREATE,T>1M
R-NG,KN202001020008239,IPTV,CREATE,T>1M
R-NG,KN202002260037711,IPTV,CREATE,T>1M
R-NG,SL202007090009674,IPTV,CREATE,T>1M
R-NG,NG201710100020403,IPTV,CREATE,T>1M
R-NG,KN201809120083330,IPTV,CREATE,T>1M
R-NG,RL201808310016821,IPTV,CREATE,T>1M
R-NG,NG201809220093975,IPTV,MODIFY-LOCATION,T>1M
R-NG,DJ201810050089184,IPTV,CREATE,T>1M
R-NG,MNG201811090084146,IPTV,CREATE,T>1M
R-NG,KN201812010089705,IPTV,CREATE,T>1M
R-NG,MNG201812130072177,IPTV,CREATE,T>1M
R-NG,DH201812270073226,IPTV,CREATE,T>1M
R-NG,KN201901140016601,IPTV,CREATE,T>1M
R-NG,DJ201901210058395,IPTV,CREATE,T>1M
R-NG,NG201903060066324,IPTV,CREATE,T>1M
R-NG,RL201903150056119,IPTV,CREATE,T>1M
R-NG,NG201903120027443,IPTV,CREATE,T>1M
R-NG,NG201903120027447,IPTV,CREATE,T>1M
R-NG,RL201903150056984,IPTV,CREATE,T>1M
R-NG,NG201903120021062,IPTV,CREATE,T>1M
R-NG,KK201903050057440,IPTV,CREATE,T>1M
R-NG,KN201904100064579,IPTV,CREATE,T>1M
R-NG,KN201906260055241,IPTV,CREATE-RECON,T>1M
R-NG,MNG201907120082776,IPTV,CREATE-RECON,T>1M
R-NG,KK201907250095981,IPTV,CREATE,T>1M
R-NG,DH201907290092880,IPTV,CREATE,T>1M
R-NG,DJ201908010036825,IPTV,CREATE-RECON,T>1M
R-NG,KN201909210005772,IPTV,CREATE,T>1M
R-NG,KAA201910230059272,IPTV,CREATE,T>1M
R-NG,KK201910230059291,IPTV,CREATE,T>1M
R-NG,NG201911130064003,IPTV,CREATE,T>1M
R-NG,NG201912200043344,IPTV,MODIFY-LOCATION,T>1M
R-NG,NG202001080098999,IPTV,MODIFY-LOCATION,T>1M
R-NG,DH202001270042845,IPTV,CREATE,T>1M
R-NG,DH202002130029450,IPTV,CREATE,T>1M
R-NG,DJ202002250014345,IPTV,CREATE,T>1M
R-NG,MNG202002180040659,IPTV,CREATE,T>1M
R-NG,RL202002200091999,IPTV,CREATE,T>1M
R-NG,KK202003060018427,IPTV,CREATE,T>1M
R-NG,KN202003020032860,IPTV,CREATE,T>1M
R-NG,NG202003120043434,IPTV,CREATE,T>1M
R-NG,NG202006100068692,IPTV,CREATE,T>1M
R-NG,MNG202006290009845,IPTV,CREATE,T>1M
R-NG,KN202006260054785,IPTV,CREATE,T>1M
R-NG,MNG202006220018354,IPTV,CREATE-OR,T>1M
R-NG,KAA202007080069321,IPTV,CREATE,T>1M
R-NG,KK202007170025465,IPTV,CREATE,T>1M
R-NG,NG202007140015174,IPTV,CREATE,T>1M
R-NG,NG202007270094618,IPTV,CREATE,T>1M
R-NG,SL202008180078467,IPTV,CREATE,T>1M
R-NG,DH202008170028936,IPTV,CREATE,T>1M
R-NG,SL202008220034431,IPTV,CREATE,T>1M
R-NG,NG202009030034225,IPTV,CREATE,T>1M
R-NG,DJ202008250085263,IPTV,CREATE,T>1M
R-NG,MNG202008280056485,IPTV,CREATE,T>1M
R-NG,KN202009210042968,IPTV,CREATE,T>1M
R-NG,MNG202009180095817,IPTV,CREATE,T>1M
R-NG,MNG202009210042896,IPTV,CREATE,T>1M
R-NG,KN202009220091439,IPTV,CREATE,T>1M
R-NG,RL202009240085278,IPTV,CREATE,T>1M
R-NG,KN202009240067975,IPTV,CREATE,T>1M
R-NG,NG202010140070358,IPTV,CREATE,7D<T<=1M
R-NG,DJ202010140065679,IPTV,CREATE,7D<T<=1M
R-NG,NG202009290065548,IPTV,CREATE,T>1M
R-NG,NG202010290014306,IPTV,CREATE,3D<T<=7D
R-NG,KK202010290015436,IPTV,CREATE,3D<T<=7D
R-NG,RL202010200036219,IPTV,CREATE,7D<T<=1M
R-NG,NG202010260061949,IPTV,CREATE,7D<T<=1M
R-NG,NG202010310031133,IPTV,CREATE,3D<T<=7D
R-NG,RL202010270075374,IPTV,CREATE,7D<T<=1M
R-NG,DH202010270075379,IPTV,CREATE,7D<T<=1M
R-NG,MNG202010310031156,IPTV,CREATE,3D<T<=7D
R-NG,KN202010260062005,IPTV,CREATE,7D<T<=1M
R-NG,RL202010260061953,IPTV,CREATE,7D<T<=1M
R-NG,DJ202010310040302,IPTV,CREATE,3D<T<=7D
R-NG,MNG201810290096519,IPTV,CREATE,T>1M
R-NG,MNG201903180084211,IPTV,CREATE,T>1M
R-NG,DJ201903190091635,IPTV,CREATE,T>1M
R-NG,NG201903190095956,IPTV,CREATE,T>1M
R-NG,RL201903220016381,IPTV,CREATE,T>1M
R-NG,MNG201903230023136,IPTV,CREATE,T>1M
R-NG,NG201906220039055,IPTV,CREATE,T>1M
R-NG,BDL201909160067369,IPTV,CREATE,T>1M
R-NG,NG202010190002740,IPTV,CREATE,7D<T<=1M
R-NG,DJ201808270066739,IPTV,CREATE,T>1M
R-NG,KAA201808200077864,IPTV,CREATE,T>1M
R-NG,MNG201808180065630,IPTV,CREATE,T>1M
R-NG,KK201809060086574,IPTV,CREATE,T>1M
R-NG,KN201810060013890,IPTV,CREATE,T>1M
R-NG,NG201810020002403,IPTV,CREATE,T>1M
R-NG,MNG201810020008079,IPTV,MODIFY-LOCATION,T>1M
R-NG,KAA201810130080031,IPTV,CREATE,T>1M
R-NG,DH201810300031464,IPTV,CREATE,T>1M
R-NG,NG201811070014404,IPTV,CREATE,T>1M
R-NG,KN201901140015665,IPTV,CREATE,T>1M
R-NG,MNG201901190024441,IPTV,CREATE,T>1M
R-NG,KN201901180097190,IPTV,CREATE,T>1M
R-NG,KN201903150061597,IPTV,CREATE,T>1M
R-NG,DJ201903160072318,IPTV,CREATE,T>1M
R-NG,MNG201903120024108,IPTV,CREATE,T>1M
R-NG,NG201903150062679,IPTV,CREATE,T>1M
R-NG,NG201903150063785,IPTV,CREATE,T>1M
R-NG,KN201903160072223,IPTV,CREATE,T>1M
R-NG,DJ201903150064465,IPTV,CREATE,T>1M
R-NG,KK201903130037991,IPTV,CREATE,T>1M
R-NG,SL201904120002627,IPTV,CREATE,T>1M
R-NG,NG201907120083164,IPTV,CREATE-RECON,T>1M
R-NG,NG201907250077824,IPTV,MODIFY-LOCATION,T>1M
R-NG,KK201907260024253,IPTV,CREATE,T>1M
R-NG,NG201907270061062,IPTV,CREATE,T>1M
R-NG,KK201909090099202,IPTV,CREATE-RECON,T>1M
R-NG,KN201910030001982,IPTV,CREATE,T>1M
R-NG,KN202001170097622,IPTV,CREATE,T>1M
R-NG,NG202002010076701,IPTV,CREATE,T>1M
R-NG,DH202002250014265,IPTV,CREATE,T>1M
R-NG,KK202003030057742,IPTV,CREATE,T>1M
R-NG,KAA202005120059895,IPTV,CREATE,T>1M
R-NG,BDL202006080009205,IPTV,CREATE,T>1M
R-NG,NG202006130075731,IPTV,MODIFY-LOCATION,T>1M
R-NG,KAA202007080069348,IPTV,CREATE,T>1M
R-NG,RL202007090097823,IPTV,CREATE,T>1M
R-NG,NG202007230084156,IPTV,CREATE,T>1M
R-NG,KAA202008060083799,IPTV,CREATE,T>1M
R-NG,NG202008200056420,IPTV,MODIFY-LOCATION,T>1M
R-NG,NG202008200056404,IPTV,CREATE,T>1M
R-NG,NG202009070003589,IPTV,MODIFY-LOCATION,T>1M
R-NG,DJ202009040053394,IPTV,CREATE,T>1M
R-NG,DH202010070016288,IPTV,CREATE,7D<T<=1M
R-NG,NG202010140079305,IPTV,CREATE,7D<T<=1M
R-NG,MNG202009280038506,IPTV,CREATE,T>1M
R-NG,KK202010020006552,IPTV,CREATE,T>1M
R-NG,BDL202010140079171,IPTV,CREATE-RECON,7D<T<=1M
R-NG,KN202010130042916,IPTV,CREATE-OR,7D<T<=1M
R-NG,KK202010160029493,IPTV,MODIFY-LOCATION,7D<T<=1M
R-NG,SL202010160040359,IPTV,CREATE,7D<T<=1M
R-NG,KN202010060089679,IPTV,CREATE,7D<T<=1M
R-NG,DH202010070016246,IPTV,CREATE,7D<T<=1M
R-NG,MNG202009250011816,IPTV,CREATE,T>1M
R-NG,NG202011020060857,IPTV,CREATE,T<=3D
R-NG,RL202010280097438,IPTV,CREATE-RECON,3D<T<=7D
R-NG,RL201812030005238,IPTV,MODIFY-LOCATION,T>1M
R-NG,MNG201810100092806,IPTV,MODIFY-LOCATION,T>1M
R-NG,NG201903250040425,IPTV,CREATE,T>1M
R-NG,RL201904180065122,IPTV,CREATE,T>1M
R-NG,KK201903290079180,IPTV,CREATE,T>1M
R-NG,NG201903270067660,IPTV,CREATE,T>1M
R-NG,DH201903290078593,IPTV,CREATE,T>1M
R-NG,DJ201907050056967,IPTV,MODIFY-LOCATION,T>1M
R-NG,NG202002260041635,IPTV,CREATE,T>1M
R-NG,KN202010190011666,IPTV,CREATE,7D<T<=1M
R-NG,NG201702160023545,IPTV,CREATE,T>1M
R-NG,DH201808200073316,IPTV,CREATE,T>1M
R-NG,NG201808200079267,IPTV,CREATE,T>1M
R-NG,NG201809060078261,IPTV,CREATE,T>1M
R-NG,NG201809130097946,IPTV,CREATE,T>1M
R-NG,KK201810190024089,IPTV,CREATE,T>1M
R-NG,MNG201810200038168,IPTV,CREATE,T>1M
R-NG,MNG201811100030757,IPTV,CREATE,T>1M
R-NG,NG201811080049633,IPTV,CREATE,T>1M
R-NG,MNG201812120037359,IPTV,CREATE,T>1M
R-NG,DJ201812100014570,IPTV,CREATE,T>1M
R-NG,MNG201812130071952,IPTV,CREATE,T>1M
R-NG,KN201901140008268,IPTV,CREATE,T>1M
R-NG,KN201901140015666,IPTV,CREATE,T>1M
R-NG,NG201901210055258,IPTV,CREATE,T>1M
R-NG,NG201903080096274,IPTV,CREATE,T>1M
R-NG,MNG201903070083416,IPTV,CREATE,T>1M
R-NG,DJ201903130041408,IPTV,CREATE,T>1M
R-NG,NG201903130038125,IPTV,CREATE,T>1M
R-NG,KK201903140043118,IPTV,CREATE,T>1M
R-NG,BDL201903120020895,IPTV,CREATE,T>1M
R-NG,NG201904100058011,IPTV,CREATE,T>1M
R-NG,NG201903310095982,IPTV,CREATE,T>1M
R-NG,KK201904020006926,IPTV,CREATE,T>1M
R-NG,KN201904100064578,IPTV,CREATE,T>1M
R-NG,DJ201906270079874,IPTV,CREATE,T>1M
R-NG,MNG201907020005731,IPTV,MODIFY-LOCATION,T>1M
R-NG,KN201906240099862,IPTV,CREATE,T>1M
R-NG,KK201907270059592,IPTV,CREATE,T>1M
R-NG,KAA201910230059275,IPTV,CREATE,T>1M
R-NG,MNG201912210062667,IPTV,CREATE,T>1M
R-NG,KN202002110072715,IPTV,CREATE,T>1M
R-NG,DH202002140051610,IPTV,CREATE,T>1M
R-NG,KN202002060051181,IPTV,CREATE,T>1M
R-NG,SL202002100038672,IPTV,CREATE,T>1M
R-NG,KN202002260031215,IPTV,CREATE,T>1M
R-NG,KAA202002180038878,IPTV,CREATE,T>1M
R-NG,KN202002280099514,IPTV,CREATE,T>1M
R-NG,NG202003060018302,IPTV,CREATE,T>1M
R-NG,KN202003130059639,IPTV,CREATE,T>1M
R-NG,KN202003120043101,IPTV,CREATE,T>1M
R-NG,RL202006260054823,IPTV,CREATE,T>1M
R-NG,NG202007030048385,IPTV,CREATE,T>1M
R-NG,NG202007070036569,IPTV,CREATE,T>1M
R-NG,SL202007090013716,IPTV,CREATE,T>1M
R-NG,NG202007150041864,IPTV,MODIFY-LOCATION,T>1M
R-NG,NG202007130088623,IPTV,CREATE,T>1M
R-NG,KK202007140021625,IPTV,CREATE,T>1M
R-NG,DJ202007270084676,IPTV,CREATE,T>1M
R-NG,KK202007220054207,IPTV,MODIFY-LOCATION,T>1M
R-NG,MNG202007230093883,IPTV,CREATE,T>1M
R-NG,DJ202007310010386,IPTV,CREATE,T>1M
R-NG,NG202008040068367,IPTV,CREATE,T>1M
R-NG,KK202008070097757,IPTV,CREATE,T>1M
R-NG,DH202008260011264,IPTV,CREATE,T>1M
R-NG,MNG202009050062403,IPTV,CREATE,T>1M
R-NG,DJ202008250085319,IPTV,CREATE,T>1M
R-NG,MNG202009240058109,IPTV,CREATE,T>1M
R-NG,NG202009300086269,IPTV,CREATE,T>1M
R-NG,DH202010020010724,IPTV,CREATE,T>1M
R-NG,RL202009290065477,IPTV,CREATE,T>1M
R-NG,KK202010050045633,IPTV,CREATE,7D<T<=1M
R-NG,KAA202009250001731,IPTV,CREATE,T>1M
R-NG,KK202009240085289,IPTV,CREATE,T>1M
R-NG,MNG202011010048565,IPTV,CREATE,T<=3D
R-NG,KAA202010310031149,IPTV,CREATE,3D<T<=7D
R-NG,DH202010200042119,IPTV,CREATE,7D<T<=1M
R-NG,DH202010200049591,IPTV,CREATE,7D<T<=1M
R-NG,MNG202010310031123,IPTV,CREATE,3D<T<=7D
R-NG,RL201811120090304,IPTV,CREATE,T>1M
R-NG,KAA201903180083360,IPTV,CREATE,T>1M
R-NG,RL201903190097717,IPTV,CREATE,T>1M
R-NG,KK201810110027619,IPTV,MODIFY-LOCATION,T>1M
R-NG,RL201903210007609,IPTV,CREATE,T>1M
R-NG,KN201909280046805,IPTV,CREATE,T>1M
R-NG,KN202002260037767,IPTV,CREATE,T>1M
R-NG,KN202002260041846,IPTV,CREATE,T>1M
R-NG,NG202010190009593,IPTV,CREATE,7D<T<=1M
R-NG,KAA202010190012706,IPTV,CREATE,7D<T<=1M
R-NG,SL202009220077968,IPTV,CREATE,T>1M
R-NG,MNG201808170055080,IPTV,CREATE,T>1M
R-NG,KAA201808200076810,IPTV,CREATE,T>1M
R-NG,DJ201809250020557,IPTV,CREATE,T>1M
R-NG,NG201810010064707,IPTV,MODIFY-LOCATION,T>1M
R-NG,DH201810150000474,IPTV,CREATE,T>1M
R-NG,NG201811080051024,IPTV,CREATE,T>1M
R-NG,DJ201811090073415,IPTV,CREATE,T>1M
R-NG,MNG201811080047380,IPTV,CREATE,T>1M
R-NG,NG201812120044523,IPTV,CREATE,T>1M
R-NG,NG201901030060139,IPTV,CREATE,T>1M
R-NG,KN201901140015969,IPTV,CREATE,T>1M
R-NG,NG201903070085572,IPTV,CREATE,T>1M
R-NG,KK201903050060952,IPTV,CREATE,T>1M
R-NG,MNG201903130040022,IPTV,CREATE,T>1M
R-NG,DH201903020048338,IPTV,CREATE,T>1M
R-NG,DJ201903150060265,IPTV,CREATE,T>1M
R-NG,NG201902270027648,IPTV,CREATE,T>1M
R-NG,KK201903150056516,IPTV,CREATE,T>1M
R-NG,MNG201903160069126,IPTV,CREATE,T>1M
R-NG,KK201903070082688,IPTV,CREATE,T>1M
R-NG,DH201904070002729,IPTV,CREATE,T>1M
R-NG,NG201906060019915,IPTV,CREATE,T>1M
R-NG,NG201906200091356,IPTV,CREATE,T>1M
R-NG,KK201912270088933,IPTV,CREATE,T>1M
R-NG,NG202001060051378,IPTV,MODIFY-LOCATION,T>1M
R-NG,KN202001310056273,IPTV,CREATE,T>1M
R-NG,NG202002130029634,IPTV,CREATE,T>1M
R-NG,KN202002250004552,IPTV,CREATE,T>1M
R-NG,DH202002220035667,IPTV,CREATE,T>1M
R-NG,NG202003100071996,IPTV,CREATE,T>1M
R-NG,MNG202005110042921,IPTV,CREATE,T>1M
R-NG,NG202006270069607,IPTV,CREATE,T>1M
R-NG,NG202007020038451,IPTV,CREATE,T>1M
R-NG,KAA202006300053581,IPTV,CREATE,T>1M
R-NG,KK202007140021632,IPTV,CREATE,T>1M
R-NG,BDL202007280026915,IPTV,CREATE,T>1M
R-NG,KK202008130050660,IPTV,CREATE,T>1M
R-NG,MNG202008200053104,IPTV,CREATE,T>1M
R-NG,NG202008310090808,IPTV,CREATE,T>1M
R-NG,KAA202008240066114,IPTV,CREATE,T>1M
R-NG,KAA202009020021341,IPTV,CREATE,T>1M
R-NG,KN202009100083654,IPTV,CREATE,T>1M
R-NG,DJ202009180097081,IPTV,CREATE,T>1M
R-NG,MNG202009230037012,IPTV,CREATE,T>1M
R-NG,KN202010120008453,IPTV,MODIFY-LOCATION,7D<T<=1M
R-NG,RL202010150008075,IPTV,CREATE,7D<T<=1M
R-NG,KAA202010060089682,IPTV,CREATE,7D<T<=1M
R-NG,RL202010160048663,IPTV,CREATE,7D<T<=1M
R-NG,NG202010040034908,IPTV,MODIFY-LOCATION,T>1M
R-NG,MNG202009300072782,IPTV,CREATE,T>1M
R-NG,RL202010150016256,IPTV,CREATE,7D<T<=1M
R-NG,MNG202010130049358,IPTV,CREATE,7D<T<=1M
R-NG,KK202011020052274,IPTV,CREATE,T<=3D
R-NG,RL202010280001351,IPTV,CREATE,3D<T<=7D
R-NG,NG202010200052664,IPTV,CREATE,7D<T<=1M
R-NG,DH202010250051693,IPTV,CREATE,7D<T<=1M
R-NG,MNG202011010048122,IPTV,CREATE,T<=3D
R-NG,NG201903180082853,IPTV,CREATE,T>1M
R-NG,NG201809270071768,IPTV,MODIFY-LOCATION,T>1M
R-NG,KN201903190093551,IPTV,CREATE,T>1M
R-NG,KN201903190092152,IPTV,CREATE,T>1M
R-NG,NG201903230025408,IPTV,CREATE,T>1M
R-NG,KK201903250038208,IPTV,CREATE,T>1M
R-NG,KAA202003110008399,IPTV,CREATE,T>1M
R-NG,NG202001020009603,IPTV,CREATE,T>1M
R-NG,MNG201903290077496,IPTV,CREATE,T>1M
R-NG,DJ201903270062844,IPTV,CREATE,T>1M
R-NG,SL202007090008864,IPTV,CREATE,T>1M
R-NG,MNG202009080032828,IPTV,CREATE,T>1M
R-NG,KN202009150095413,IPTV,CREATE,T>1M
R-NG,KN202002030088275,IPTV,CREATE,T>1M
R-NG,DJ202009080037645,IPTV,CREATE,T>1M
R-NG,BDL201808180066202,IPTV,CREATE,T>1M
R-NG,DJ201811090002648,IPTV,CREATE,T>1M
R-NG,NG201811100039949,IPTV,CREATE,T>1M
R-NG,NG201812290005817,IPTV,CREATE,T>1M
R-NG,NG201812260037488,IPTV,CREATE,T>1M
R-NG,KN201901140015957,IPTV,CREATE,T>1M
R-NG,KN201901140015958,IPTV,CREATE,T>1M
R-NG,MNG201901030064161,IPTV,CREATE,T>1M
R-NG,KN201903090001146,IPTV,CREATE,T>1M
R-NG,NG201903060071669,IPTV,CREATE,T>1M
R-NG,DJ201903130040759,IPTV,CREATE,T>1M
R-NG,RL201903080096502,IPTV,CREATE,T>1M
R-NG,NG201903080096643,IPTV,CREATE,T>1M
R-NG,MNG201903160069429,IPTV,CREATE,T>1M
R-NG,KK201903130037649,IPTV,CREATE,T>1M
R-NG,KK201903140044370,IPTV,CREATE,T>1M
R-NG,MNG201903050059089,IPTV,CREATE,T>1M
R-NG,KK201903160069865,IPTV,CREATE,T>1M
R-NG,NG201907150042030,IPTV,CREATE,T>1M
R-NG,NG201908130043125,IPTV,CREATE,T>1M
R-NG,KK201910070064008,IPTV,CREATE,T>1M
R-NG,MNG201910280090075,IPTV,CREATE,T>1M
R-NG,KAA201910230059285,IPTV,CREATE,T>1M
R-NG,DJ201911220080539,IPTV,CREATE,T>1M
R-NG,NG202001030013025,IPTV,CREATE,T>1M
R-NG,MNG202001270035726,IPTV,CREATE,T>1M
R-NG,KK202002150067321,IPTV,CREATE,T>1M
R-NG,MNG202002100038754,IPTV,CREATE,T>1M
R-NG,DH202002220032287,IPTV,CREATE,T>1M
R-NG,KN202002290014186,IPTV,CREATE,T>1M
R-NG,KK202003220047451,IPTV,CREATE,T>1M
R-NG,KN202003120043089,IPTV,CREATE,T>1M
R-NG,RL202005210055974,IPTV,CREATE,T>1M
R-NG,NG202006120059927,IPTV,CREATE,T>1M
R-NG,KN202006240091262,IPTV,CREATE-OR,T>1M
R-NG,MNG202006290000864,IPTV,CREATE,T>1M
R-NG,MNG202006250017989,IPTV,CREATE,T>1M
R-NG,MNG202006240091188,IPTV,CREATE,T>1M
R-NG,MNG202006300045067,IPTV,CREATE,T>1M
R-NG,MNG202006300043208,IPTV,CREATE,T>1M
R-NG,NG202007030066897,IPTV,CREATE,T>1M
R-NG,SL202007090013721,IPTV,CREATE,T>1M
R-NG,KK202007250048677,IPTV,CREATE,T>1M
R-NG,MNG202008040067943,IPTV,CREATE,T>1M
R-NG,KN202008200056406,IPTV,CREATE,T>1M
R-NG,DH202008200057913,IPTV,CREATE,T>1M
R-NG,KN202009020025726,IPTV,CREATE,T>1M
R-NG,KK202008270036402,IPTV,CREATE,T>1M
R-NG,KN202009030034240,IPTV,CREATE,T>1M
R-NG,DH202008260014566,IPTV,CREATE,T>1M
R-NG,SL202008310002492,IPTV,CREATE,T>1M
R-NG,DH202009090073345,IPTV,CREATE,T>1M
R-NG,DJ202009210053397,IPTV,CREATE,T>1M
R-NG,DJ202009210040709,IPTV,CREATE,T>1M
R-NG,NG202009230016303,IPTV,CREATE,T>1M
R-NG,KAA202009240059837,IPTV,CREATE,T>1M
R-NG,RL202010120026530,IPTV,CREATE-OR,7D<T<=1M
R-NG,KN202009280032698,IPTV,CREATE,T>1M
R-NG,RL202010020002195,IPTV,CREATE,T>1M
R-NG,KK202010070011189,IPTV,CREATE,7D<T<=1M
R-NG,KN202010020004528,IPTV,CREATE,T>1M
R-NG,MNG202010130035919,IPTV,CREATE,7D<T<=1M
R-NG,DJ202009300074888,IPTV,CREATE,T>1M
R-NG,DJ202010170058953,IPTV,CREATE,7D<T<=1M
R-NG,RL202010050042729,IPTV,CREATE,7D<T<=1M
R-NG,NG202010310031148,IPTV,CREATE,3D<T<=7D
R-NG,NG202010210063430,IPTV,CREATE,7D<T<=1M
R-NG,DJ202010310031128,IPTV,CREATE,3D<T<=7D
